たいした	大した	Great	vocabulary	adjective
やっつ	八つ	Eight Things	vocabulary	numeral
さげる	下げる	To Lower	vocabulary	transitive verb, ichidan verb
おおきさ	大きさ	Size	vocabulary	noun
おとな	大人	Adult	vocabulary	noun, な adjective, の adjective
かわ	川	River	vocabulary	noun
じんこう	人工	Artificial	vocabulary	noun, の adjective
ひとり	一人	Alone	vocabulary	noun
ちから	力	Power	vocabulary	noun
あげる	上げる	To Raise	vocabulary	transitive verb, ichidan verb
のぼる	上る	To Climb	vocabulary	intransitive verb, godan verb
ください	下さい	Please Give Me	vocabulary	expression
おんな	女	Woman	vocabulary	noun
じんこう	人口	Population	vocabulary	noun
いち	一	One	vocabulary	numeral
ひとつ	一つ	One Thing	vocabulary	numeral
なな	七	Seven	vocabulary	numeral
ななつ	七つ	Seven Things	vocabulary	numeral
きゅう	九	Nine	vocabulary	numeral
ここのつ	九つ	Nine Things	vocabulary	numeral
に	二	Two	vocabulary	numeral
ふたつ	二つ	Two Things	vocabulary	numeral
ひと	人	Person	vocabulary	noun
ふたり	二人	Two People	vocabulary	noun
はいる	入る	To Enter	vocabulary	intransitive verb, godan verb
いれる	入れる	To Insert	vocabulary	transitive verb, ichidan verb
はち	八	Eight	vocabulary	numeral
じゅう	十	Ten	vocabulary	numeral
さん	三	Three	vocabulary	numeral
みっつ	三つ	Three Things	vocabulary	numeral
さんにん	三人	Three People	vocabulary	noun
うえ	上	Up	vocabulary	noun, suffix
あがる	上がる	To Rise	vocabulary	intransitive verb, godan verb
した	下	Down	vocabulary	noun
さがる	下がる	To Get Lower	vocabulary	intransitive verb, godan verb
くち	口	Mouth	vocabulary	noun
いりぐち	入り口	Entrance	vocabulary	noun
おおきい	大きい	Big	vocabulary	い adjective
やま	山	Mountain	vocabulary	noun
ふじさん	ふじ山	Mt Fuji	vocabulary	proper noun
つち	土	Soil	vocabulary	noun
ちいさい	小さい	Small	vocabulary	い adjective
さい	〜才	Years Old	vocabulary	suffix
むっつ	六つ	Six Things	vocabulary	numeral
てんさい	天才	Genius	vocabulary	noun
ぶん	文	Writing	vocabulary	noun
みず	水	Water	vocabulary	noun
おうじょ	王女	Princess	vocabulary	noun, suffix
でる	出る	To Exit	vocabulary	intransitive verb, ichidan verb
しがつ	四月	April	vocabulary	noun
ただす	正す	To Correct	vocabulary	transitive verb, godan verb
たまねぎ	玉ねぎ	Onion	vocabulary	noun
た	田	Rice Field	vocabulary	noun
はくじん	白人	Caucasian	vocabulary	noun, の adjective
たてる	立てる	To Stand Something Up	vocabulary	transitive verb, ichidan verb
すいちゅう	水中	Underwater	vocabulary	noun, の adjective
いっせん	一千	One Thousand	vocabulary	numeral
ゆうべ	夕べ	Evening	vocabulary	noun
じょし	女子	Girl	vocabulary	noun
また	又	Again	vocabulary	adverb, prefix
なかなか	中々	Very	vocabulary	adverb
いつか	五日	Fifth Day	vocabulary	noun
てん	天	Heaven	vocabulary	noun
へた	下手	Unskillful	vocabulary	noun, な adjective
ひ	日	Sun	vocabulary	noun
ひ	火	Fire	vocabulary	noun
かざん	火山	Volcano	vocabulary	noun
おうじ	王子	Prince	vocabulary	noun, suffix
じょおう	女王	Queen	vocabulary	noun, suffix
ほん	本	Book	vocabulary	noun
ただしい	正しい	Correct	vocabulary	い adjective
ひとびと	人々	People	vocabulary	noun, の adjective
ようか	八日	Eighth Day	vocabulary	noun
とおか	十日	Tenth Day	vocabulary	noun
かたな	刀	Sword	vocabulary	noun
せん	千	Thousand	vocabulary	numeral
おんなのこ	女の子	Girl	vocabulary	noun
こ	子	Kid	vocabulary	noun, suffix
まる	丸	Circle	vocabulary	noun
まるい	丸い	Circular	vocabulary	い adjective
なか	中	Inside	vocabulary	noun
ごがつ	五月	May	vocabulary	noun
ごじゅう	五十	Fifty	vocabulary	numeral
いつつ	五つ	Five Things	vocabulary	numeral
ご	五	Five	vocabulary	numeral
ろくがつ	六月	June	vocabulary	noun
むいか	六日	Sixth Day	vocabulary	noun
じゅうろく	十六	Sixteen	vocabulary	numeral
ろく	六	Six	vocabulary	numeral
えん	〜円	Money	vocabulary	noun, suffix
せんえん	千円	One Thousand Yen	vocabulary	noun
まるい	円い	Round	vocabulary	い adjective
て	手	Hand	vocabulary	noun
じょうず	上手	Good At	vocabulary	noun, な adjective
つき	月	Moon	vocabulary	noun
じゅうがつ	十月	October	vocabulary	noun
いちがつ	一月	January	vocabulary	noun
にがつ	二月	February	vocabulary	noun
き	木	Tree	vocabulary	noun
いぬ	犬	Dog	vocabulary	noun
こいぬ	子犬	Puppy	vocabulary	noun
おう	王	King	vocabulary	noun, suffix
だす	出す	To Take Out	vocabulary	transitive verb, godan verb
でぐち	出口	Exit	vocabulary	noun
みぎ	右	Right Direction	vocabulary	noun
よん	四	Four	vocabulary	numeral
ひだり	左	Left Direction	vocabulary	noun, の adjective
にほん	日本	Japan	vocabulary	proper noun
たま	玉	Ball	vocabulary	noun
しろ	白	White	vocabulary	noun
め	目	Eye	vocabulary	noun
めだま	目玉	Eyeball	vocabulary	noun
たつ	立つ	To Stand	vocabulary	intransitive verb, godan verb
ふつか	二日	Second Day	vocabulary	noun
いちにち	一日	One Day	vocabulary	noun
なのか	七日	Seventh Day	vocabulary	noun
みっか	三日	Third Day	vocabulary	noun
ここのか	九日	Ninth Day	vocabulary	noun
さゆう	左右	Left And Right	vocabulary	noun, する verb
にゅうりょく	入力	Input	vocabulary	noun, する verb
うむ	生む	To Give Birth	vocabulary	transitive verb, godan verb
なま	生	Fresh	vocabulary	noun, prefix, の adjective
ちゅうし	中止	Suspension	vocabulary	noun, する verb
ふるい	古い	Old	vocabulary	い adjective
びーだま	ビー玉	Marble	vocabulary	noun
ふとい	太い	Fat	vocabulary	い adjective
け	毛	Fur	vocabulary	noun
じんせい	人生	One's Life	vocabulary	noun
よう	用	Task	vocabulary	noun, suffix
いきる	生きる	To Live	vocabulary	intransitive verb, ichidan verb
じゅうまん	十万	One Hundred Thousand	vocabulary	numeral
もと	元	Origin	vocabulary	noun, prefix
はんぶん	半分	Half	vocabulary	noun
わける	分ける	To Separate	vocabulary	transitive verb, ichidan verb
きれる	切れる	To Be Cut	vocabulary	intransitive verb, ichidan verb
たいせつ	大切	Important	vocabulary	noun, な adjective
きる	切る	To Cut	vocabulary	transitive verb, godan verb
すくない	少ない	A Few	vocabulary	い adjective
とめる	止める	To Stop Something	vocabulary	transitive verb, ichidan verb
おとうさん	お父さん	Father	vocabulary	noun
じゅうだい	十台	Ten Machines	vocabulary	noun
はずれ	外れ	Extremity	vocabulary	noun, suffix
はずれる	外れる	To Be Disconnected	vocabulary	intransitive verb, ichidan verb
もちいる	用いる	To Utilize	vocabulary	transitive verb, ichidan verb
こうよう	公用	Government Business	vocabulary	noun
や	矢	Arrow	vocabulary	noun
いぎりすじん	イギリス人	British Person	vocabulary	noun
にん	〜人	Number Of People	vocabulary	counter
しょうじょ	少女	Girl	vocabulary	noun
おとなしい	大人しい	Obedient	vocabulary	い adjective
と	戸	Japanese Style Door	vocabulary	noun
あめりかじん	アメリカ人	American	vocabulary	noun
ふらんすじん	フランス人	Frenchman	vocabulary	noun
うまれる	生まれる	To Be Born	vocabulary	intransitive verb, ichidan verb
いちまん	一万	Ten Thousand	vocabulary	numeral
にまん	二万	Twenty Thousand	vocabulary	numeral
いま	今	Now	vocabulary	noun
きょう	今日	Today	vocabulary	noun
こんげつ	今月	This Month	vocabulary	noun
わかる	分かる	To Understand	vocabulary	intransitive verb, godan verb
ふん	分	Minute	vocabulary	noun, prefix, suffix
ゆうじん	友人	Friend	vocabulary	noun
ふとる	太る	To Get Fat	vocabulary	intransitive verb, godan verb
すこし	少し	A Little	vocabulary	adverb, noun
ひく	引く	To Pull	vocabulary	intransitive verb, transitive verb, godan verb
こころ	心	Heart	vocabulary	noun
とぐち	戸口	Doorway	vocabulary	noun
かた	方	Way	vocabulary	noun
とまる	止まる	To Stop	vocabulary	intransitive verb, godan verb
ちち	父	Father	vocabulary	noun
うし	牛	Cow	vocabulary	noun
ふゆ	冬	Winter	vocabulary	noun
きた	北	North	vocabulary	noun
はん	半	Half	vocabulary	noun, prefix
ちゅうこ	中古	Secondhand	vocabulary	noun, の adjective
いちだい	一台	One Machine	vocabulary	noun
にだい	二台	Two Machines	vocabulary	noun
ごだい	五台	Five Machines	vocabulary	noun
そと	外	Outside	vocabulary	noun
がいじん	外人	Foreigner	vocabulary	noun
し	市	City	vocabulary	noun, suffix
しりつ	市立	Municipal	vocabulary	noun, の adjective
しあとるし	シアトル市	Seattle	vocabulary	proper noun
ひろい	広い	Wide	vocabulary	い adjective
はは	母	Mother	vocabulary	noun
おかあさん	お母さん	Mother	vocabulary	noun
うち	内	Inside	vocabulary	noun, の adjective
だい	〜台	Big Machine	vocabulary	counter, suffix
まん	万	Ten Thousand	vocabulary	numeral
おんなのひと	女の人	Woman	vocabulary	noun
みぎて	右手	Right Hand	vocabulary	noun
まず	先ず	First Of All	vocabulary	adverb
ねんない	年内	Within A Year	vocabulary	noun
たりる	足りる	To Be Enough	vocabulary	intransitive verb, ichidan verb
いちだい	一代	Lifetime	vocabulary	noun
せんせい	先生	Teacher	vocabulary	noun
ねんじゅう	年中	Year Round	vocabulary	adverb, noun
そうそう	早々	As Soon As	vocabulary	noun, suffix
みかた	見方	Way Of Seeing	vocabulary	noun
ほか	他	Other	vocabulary	noun, の adjective
だいよう	代用	Substitution	vocabulary	noun, する verb, の adjective
うつる	写る	To Be Photographed	vocabulary	intransitive verb, godan verb
いちだ	一打	One Strike	vocabulary	noun
こおり	氷	Ice	vocabulary	noun
はつか	二十日	Twentieth Day	vocabulary	noun
よんせん	四千	Four Thousand	vocabulary	numeral
いし	石	Stone	vocabulary	noun
さき	先	Previous	vocabulary	noun, prefix, suffix, の adjective
せんせんげつ	先々月	Month Before Last	vocabulary	noun
せんげつ	先月	Last Month	vocabulary	noun
せんじつ	先日	The Other Day	vocabulary	noun
めいじん	名人	Expert	vocabulary	noun
みょうじ	名字	Surname	vocabulary	noun, の adjective
ふとじ	太字	Bold Letter	vocabulary	noun, の adjective
もじ	文字	Letter (Of The Alphabet)	vocabulary	noun
いちもんじ	一文字	Straight Line	vocabulary	noun
きょねん	去年	Last Year	vocabulary	noun
きぶん	気分	Feeling	vocabulary	noun
にんき	人気	Popular	vocabulary	noun, な adjective, の adjective
へいき	平気	Calm	vocabulary	noun, な adjective
いっぽんぎ	一本気	One Track Mind	vocabulary	noun, な adjective
むらびと	村人	Villager	vocabulary	noun
みせる	見せる	To Show	vocabulary	transitive verb, ichidan verb
あし	足	Foot	vocabulary	noun
ふそく	不足	Shortage	vocabulary	noun, する verb, な adjective
よ	世	World	vocabulary	noun
さんせい	三世	Third Generation	vocabulary	noun
おもに	主に	Mainly	vocabulary	adverb
しゅじん	主人	Head Of Household	vocabulary	noun, の adjective
しかた	仕方	Method	vocabulary	noun
たにん	他人	Another Person	vocabulary	noun
かわる	代わる	To Replace	vocabulary	intransitive verb, godan verb
ちゅうおう	中央	Center	vocabulary	noun, の adjective
たいら	平ら	Flat	vocabulary	noun, な adjective
へいじつ	平日	Weekdays	vocabulary	noun
かきごおり	かき氷	Shaved Ice	vocabulary	noun
ふせい	不正	Injustice	vocabulary	noun, な adjective
こうし	子牛	Calf	vocabulary	noun
きって	切手	Postage Stamp	vocabulary	noun
ひきわけ	引き分け	Tie	vocabulary	noun
な	名	Name	vocabulary	noun
たから	宝	Treasure	vocabulary	noun
ほうせき	宝石	Jewel	vocabulary	noun, の adjective
まるごと	丸ごと	In Its Entirety	vocabulary	adverb
たいき	大気	Atmosphere	vocabulary	noun
よっか	四日	Fourth Day	vocabulary	noun
よっつ	四つ	Four Things	vocabulary	numeral
よんじゅう	四十	Forty	vocabulary	numeral
ひだりて	左手	Left Hand	vocabulary	noun
やすみ	休み	Rest	vocabulary	noun
やすむ	休む	To Rest	vocabulary	intransitive verb, godan verb
きゅうし	休止	Pause	vocabulary	noun, する verb, の adjective
きゅうじつ	休日	Holiday	vocabulary	noun
じ	字	Character	vocabulary	noun
にせんじゅういちねん	２０１１年	Year 2011	vocabulary	noun
いちねんせい	一年生	First Year Student	vocabulary	noun
しょうねん	少年	Boy	vocabulary	noun
はやい	早い	Early	vocabulary	い adjective
き	気	Spirit	vocabulary	noun
きにいる	気に入る	To Be Pleased With	vocabulary	expression, godan verb
いっき	一気	One Breath	vocabulary	adverb
げんき	元気	Energy	vocabulary	noun, な adjective
てんき	天気	Weather	vocabulary	noun
ほんき	本気	Serious	vocabulary	noun, な adjective, の adjective
ひゃくまん	百万	Million	vocabulary	numeral
よんひゃく	四百	Four Hundred	vocabulary	numeral
ごひゃく	五百	Five Hundred	vocabulary	numeral
にひゃく	二百	Two Hundred	vocabulary	numeral
たけのこ	竹の子	Bamboo Shoots	vocabulary	noun
たけ	竹	Bamboo	vocabulary	noun
いと	糸	Thread	vocabulary	noun
みみ	耳	Ear	vocabulary	noun
むし	虫	Bug	vocabulary	noun
むら	村	Village	vocabulary	noun
おとこ	男	Man	vocabulary	noun
まち	町	Town	vocabulary	noun
はな	花	Flower	vocabulary	noun
はなび	花火	Fireworks	vocabulary	noun
はなみ	花見	Viewing Cherry Blossoms	vocabulary	noun, する verb
みる	見る	To See	vocabulary	transitive verb, ichidan verb
みえる	見える	To Be Seen	vocabulary	intransitive verb, ichidan verb
みわける	見分ける	To Distinguish	vocabulary	transitive verb, ichidan verb
つきみ	月見	Moon Viewing	vocabulary	noun
かい	貝	Shell	vocabulary	noun
あか	赤	Red	vocabulary	noun
あかちゃん	赤ちゃん	Baby	vocabulary	noun
くるま	車	Car	vocabulary	noun
しゃない	車内	Inside The Car	vocabulary	noun, の adjective
にせい	二世	Second Generation	vocabulary	noun
うつす	写す	To Copy	vocabulary	transitive verb, godan verb
ごう	号	Number	vocabulary	noun, suffix
うつ	打つ	To Hit	vocabulary	transitive verb, godan verb
もうす	申す	To Say Humbly	vocabulary	transitive verb, godan verb
もうしもうし	申し申し	Telephone Hello	vocabulary	interjection
さら	皿	Plate	vocabulary	noun
こざら	小皿	Small Plate	vocabulary	noun
おれい	お礼	Thanks	vocabulary	noun
とし	年	Year	vocabulary	noun
あかい	赤い	Red	vocabulary	い adjective
しろい	白い	White	vocabulary	い adjective
ひゃく	百	Hundred	vocabulary	numeral
でかける	出かける	To Go Out	vocabulary	intransitive verb, ichidan verb
おかね	お金	Money	vocabulary	noun
かいしゃ	会社	Company	vocabulary	noun
さとごころ	里心	Homesick	vocabulary	noun
ばんにん	万人	All People	vocabulary	noun
まぜる	交ぜる	To Mix	vocabulary	transitive verb, ichidan verb
かんがえる	考える	To Think About	vocabulary	transitive verb, ichidan verb
きん	金	Gold	vocabulary	noun, suffix
さくぶん	作文	Composition	vocabulary	noun, する verb
しかく	四角	Square	vocabulary	noun, な adjective, の adjective
そうこう	走行	Traveling	vocabulary	noun, する verb
きんじつ	近日	Soon	vocabulary	noun
ほんとう	本当	Reality	vocabulary	noun, な adjective
ほんらい	本来	Originally	vocabulary	noun, の adjective
かわ	皮	Skin	vocabulary	noun
たいかい	大会	Convention	vocabulary	noun, の adjective
あう	会う	To Meet	vocabulary	intransitive verb, godan verb
ひかり	光	Light	vocabulary	noun
こうねん	光年	Light Year	vocabulary	noun
げっこう	月光	Moonlight	vocabulary	noun
にっこう	日光	Sunlight	vocabulary	noun
おなじ	同じ	Same	vocabulary	noun
どうじつ	同日	Same Day	vocabulary	noun
まわる	回る	To Revolve	vocabulary	intransitive verb, godan verb
いっかい	一回	One Time	vocabulary	noun
こんかい	今回	This Time	vocabulary	noun
まいかい	毎回	Every Time	vocabulary	noun
たぶん	多分	Maybe	vocabulary	adverb, noun
あたる	当たる	To Be Right	vocabulary	intransitive verb, godan verb
あたり	当たり	A Success	vocabulary	noun
まいつき	毎月	Every Month	vocabulary	noun
まいにち	毎日	Every Day	vocabulary	noun
まいとし	毎年	Every Year	vocabulary	noun
こめ	米	Rice	vocabulary	noun
はね	羽	Feathers	vocabulary	noun
ぎゅうにく	牛肉	Beef	vocabulary	noun, の adjective
ひにく	皮肉	Irony	vocabulary	noun, な adjective, の adjective
じぶん	自分	Oneself	vocabulary	pronoun, の adjective
じりつ	自立	Independence	vocabulary	noun, する verb, の adjective
みずいろ	水色	Sky Blue	vocabulary	noun, の adjective
いく	行く	To Go	vocabulary	intransitive verb, godan verb
おこなう	行う	To Carry Out	vocabulary	transitive verb, godan verb
ゆき	行き	Train Direction	vocabulary	noun, suffix
にし	西	West	vocabulary	noun
なんぜん	何千	Thousands	vocabulary	noun
なんにん	何人	How Many People	vocabulary	noun
なんがつ	何月	What Month	vocabulary	noun
なんにち	何日	How Many Days	vocabulary	expression
なんねん	何年	What Year	vocabulary	noun
まなぶ	学ぶ	To Learn	vocabulary	godan verb
がくせい	学生	Student	vocabulary	noun
がくねん	学年	School Grade	vocabulary	noun
にゅうがく	入学	School Admission	vocabulary	noun, する verb
こうがく	工学	Engineering	vocabulary	noun
だいがく	大学	University	vocabulary	noun
きゅうがく	休学	Absent From School	vocabulary	noun, する verb
くうき	空気	Air	vocabulary	noun
きんたま	金玉	Testicles	vocabulary	noun
せいねん	青年	Youth	vocabulary	noun
おと	音	Sound	vocabulary	noun, suffix
つくる	作る	To Make	vocabulary	transitive verb, godan verb
たいりょく	体力	Physical Strength	vocabulary	noun
たいない	体内	Internal	vocabulary	noun, の adjective
さよう	作用	Action	vocabulary	noun, する verb
こうさく	工作	Handicraft	vocabulary	noun, する verb
たいさく	大作	An Epic	vocabulary	noun
ず	図	Diagram	vocabulary	noun, suffix
おおごえ	大声	Large Voice	vocabulary	noun, の adjective
おとうと	弟	Younger Brother	vocabulary	noun
らいげつ	来月	Next Month	vocabulary	noun
らいねん	来年	Next Year	vocabulary	noun
ねんらい	〜年来	For Some Years	vocabulary	suffix
しゃない	社内	Within The Company	vocabulary	noun, の adjective
にゅうしゃ	入社	Joining A Company	vocabulary	noun, する verb
こうしゃ	公社	Public Corporation	vocabulary	noun
かく	角	Angle	vocabulary	noun, suffix
いう	言う	To Say	vocabulary	godan verb
たに	谷	Valley	vocabulary	noun
はしる	走る	To Run	vocabulary	intransitive verb, godan verb
ちかい	近い	Close	vocabulary	い adjective
きんねん	近年	Recent Years	vocabulary	noun
むぎ	麦	Wheat	vocabulary	noun
けむし	毛虫	Caterpillar	vocabulary	noun
したまち	下町	Downtown	vocabulary	noun
いままで	今まで	Until Now	vocabulary	adverb
けいと	毛糸	Wool Yarn	vocabulary	noun
いますぐ	今すぐ	At Once	vocabulary	adverb
さと	里	Hometown	vocabulary	noun
ひろがる	広がる	To Spread Out	vocabulary	intransitive verb, godan verb
くうしゃ	空車	Open Taxi	vocabulary	noun
かい	会	Meeting	vocabulary	noun, suffix
こうこがく	考古学	Archeology	vocabulary	noun, の adjective
いっしょう	一生	Whole Life	vocabulary	noun, の adjective
しぐさ	仕草	Action	vocabulary	noun
はえる	生える	To Grow	vocabulary	intransitive verb, ichidan verb
けい	〜形	Form	vocabulary	suffix
がいこう	外交	Diplomacy	vocabulary	noun
うまれ	生まれ	Birthplace	vocabulary	noun
だいたい	大体	General	vocabulary	noun
ぶんがく	文学	Literature	vocabulary	noun
きん	〜斤	Bread Loaf Counter	vocabulary	counter, suffix
あに	兄	Older Brother	vocabulary	noun
かい	〜回	Times	vocabulary	counter
おおい	多い	Many	vocabulary	い adjective
にく	肉	Meat	vocabulary	noun
いろ	色	Color	vocabulary	noun
いろいろ	色々	Various	vocabulary	adverb, noun, な adjective, の adjective
ほくせい	北西	Northwest	vocabulary	noun, の adjective
なに	何	What	vocabulary	pronoun, interjection, の adjective
なんかい	何回	How Many Times	vocabulary	noun
はやし	林	Forest	vocabulary	noun
そら	空	Sky	vocabulary	noun
あめ	雨	Rain	vocabulary	noun
あおい	青い	Blue	vocabulary	い adjective
くさ	草	Grass	vocabulary	noun
からだ	体	Body	vocabulary	noun, の adjective
こえ	声	Voice	vocabulary	noun
きょうだい	兄弟	Brothers	vocabulary	noun
くる	来る	To Come	vocabulary	intransitive verb
こらい	古来	Ancient	vocabulary	adverb, noun, の adjective
がいらい	外来	Imported	vocabulary	noun, の adjective
ほんしゃ	本社	Headquarters	vocabulary	noun
さんかく	三角	Triangle	vocabulary	noun
おとこのこ	男の子	Boy	vocabulary	noun
おとこのひと	男の人	Man	vocabulary	noun
ねんじ	年次	Annual	vocabulary	noun
ち	地	Earth	vocabulary	noun
かっき	活気	Energy	vocabulary	noun
ちょっこう	直行	Nonstop	vocabulary	noun, する verb, の adjective
たからくじ	宝くじ	Lottery	vocabulary	noun
みみうち	耳打ち	Whisper In Ear	vocabulary	noun, する verb
りょうほう	両方	Both	vocabulary	noun, の adjective
すべて	全て	All	vocabulary	noun, の adjective
ほうこう	方向	Direction	vocabulary	noun
めいきょく	名曲	Famous Music	vocabulary	noun
じかい	次回	Next Time	vocabulary	noun
ひつじ	羊	Sheep	vocabulary	noun
しゅっけつ	出血	Bleeding	vocabulary	noun, する verb
ちゅうごく	中国	China	vocabulary	proper noun
うしろ	後ろ	Behind	vocabulary	noun
なくなる	亡くなる	To Pass Away	vocabulary	intransitive verb, godan verb
よのなか	世の中	Society	vocabulary	noun
むく	向く	To Face	vocabulary	godan verb
こくほう	国宝	National Treasure	vocabulary	noun
くさち	草地	Meadow	vocabulary	noun
おおもじ	大文字	Uppercase Letters	vocabulary	noun
しかたがない	仕方がない	Can't Be Helped	vocabulary	expression
ぶんか	文化	Culture	vocabulary	noun
ちか	地下	Underground	vocabulary	noun, の adjective
とち	土地	Land	vocabulary	noun
ちず	地図	Map	vocabulary	noun
りょうて	両手	Both Hands	vocabulary	noun, の adjective
りょうじつ	両日	Both Days	vocabulary	noun
ぜんりょく	全力	Full Effort	vocabulary	noun, の adjective
ぜんにほん	全日本	All Japan	vocabulary	expression
あんぜん	安全	Safety	vocabulary	noun, な adjective
やすい	安い	Cheap	vocabulary	い adjective
あんしん	安心	Relief	vocabulary	noun, する verb, な adjective
ふあん	不安	Uneasiness	vocabulary	noun, な adjective
へいあん	平安	Peace	vocabulary	noun, な adjective
しゅう	州	State	vocabulary	noun
きゅうしゅう	九州	Kyuushuu	vocabulary	proper noun
ほんしゅう	本州	Honshuu	vocabulary	noun
きょく	曲	Tune	vocabulary	noun, suffix
ある	有る	To Have	vocabulary	intransitive verb, godan verb
ゆうめい	有名	Famous	vocabulary	な adjective
つぎ	次	Next	vocabulary	noun, の adjective
もくじ	目次	Table Of Contents	vocabulary	noun
しぬ	死ぬ	To Die	vocabulary	intransitive verb, godan verb
したい	死体	Dead Body	vocabulary	noun, の adjective
しぼう	死亡	Mortality	vocabulary	noun, の adjective
ようもう	羊毛	Wool	vocabulary	noun, の adjective
ち	血	Blood	vocabulary	noun
くに	国	Country	vocabulary	noun
てんごく	天国	Kingdom Of Heaven	vocabulary	noun, の adjective
ぜんこく	全国	Nationwide	vocabulary	noun, の adjective
しこく	四国	Shikoku	vocabulary	proper noun
がいこく	外国	Foreign Country	vocabulary	noun, の adjective
がいこくじん	外国人	Foreign Person	vocabulary	noun
べいこく	米国	United States Of America	vocabulary	proper noun, の adjective
よる	夜	Night	vocabulary	noun
こんや	今夜	Tonight	vocabulary	noun
しまい	姉妹	Sisters	vocabulary	noun
いもうと	妹	Younger Sister	vocabulary	noun
おねえさん	お姉さん	Older Sister	vocabulary	noun
みせ	店	Shop	vocabulary	noun
あかるい	明るい	Bright	vocabulary	い adjective
ふめい	不明	Unknown	vocabulary	noun, な adjective
とうほう	東方	Eastward	vocabulary	noun
とうほく	東北	Tohoku 	vocabulary	noun
ちゅうとう	中東	Middle East	vocabulary	proper noun, な adjective
なんとう	南東	Southeast	vocabulary	noun, の adjective
あるく	歩く	To Walk	vocabulary	intransitive verb, godan verb
なおす	直す	To Fix	vocabulary	transitive verb, godan verb
なおる	直る	To Be Fixed	vocabulary	intransitive verb, godan verb
しょうじき	正直	Honest	vocabulary	adverb, noun, な adjective
ながい	長い	Long	vocabulary	い adjective
しゃちょう	社長	Company President	vocabulary	noun, suffix
まえ	前	Front	vocabulary	noun, suffix
ごぜん	午前	AM	vocabulary	noun
みなみ	南	South	vocabulary	noun
あとで	後で	After	vocabulary	adverb
ごご	午後	PM	vocabulary	noun
おもう	思う	To Think	vocabulary	transitive verb, godan verb
ほし	星	Star	vocabulary	noun
せいかつ	生活	Life	vocabulary	noun, する verb
うみ	海	Ocean	vocabulary	noun
かいがい	海外	Overseas	vocabulary	noun, の adjective
てん	点	Point	vocabulary	noun, suffix
かがく	科学	Science	vocabulary	noun
おちゃ	お茶	Tea	vocabulary	noun
ちゃいろ	茶色	Brown	vocabulary	noun, の adjective
たべる	食べる	To Eat	vocabulary	transitive verb, ichidan verb
くび	首	Neck	vocabulary	noun
あしくび	足首	Ankle	vocabulary	noun
くびになる	首になる	To Get Fired	vocabulary	expression, godan verb
よんじゅうに	四十二	Forty Two	vocabulary	numeral
こもじ	小文字	Lowercase Letters	vocabulary	noun
ふゆやすみ	冬休み	Winter Holiday	vocabulary	noun
できる	出来る	To Be Able To Do	vocabulary	intransitive verb, ichidan verb
ほうげん	方言	Dialect	vocabulary	noun, の adjective
とうきょう	東京	Tokyo	vocabulary	proper noun
はやくち	早口	Fast Talker	vocabulary	noun, の adjective
たりない	足りない	Not Enough	vocabulary	intransitive verb
としうえ	年上	Older	vocabulary	noun, の adjective
かわり	代わり	Substitute	vocabulary	noun, の adjective
ことし	今年	This Year	vocabulary	noun
かえる	代える	To Replace	vocabulary	transitive verb, ichidan verb
としした	年下	Younger	vocabulary	noun, の adjective
ひがし	東	East	vocabulary	noun
わたし	私	I	vocabulary	pronoun, の adjective
しせいかつ	私生活	Personal Life	vocabulary	noun
しりつ	私立	Private	vocabulary	noun, の adjective
いっぽ	一歩	One Step	vocabulary	noun
さんびゃく	三百	Three Hundred	vocabulary	numeral
たす	足す	To Add	vocabulary	transitive verb, godan verb
しゃりょう	車両	Railroad Car	vocabulary	noun
はやく	早く	Early	vocabulary	adverb
し	死	Death	vocabulary	noun, suffix
あね	姉	Older Sister	vocabulary	noun
しつ	〜室	Room	vocabulary	suffix
こくおう	国王	King	vocabulary	noun, の adjective
すいせい	水星	Mercury	vocabulary	noun, の adjective
きんせい	金星	Venus	vocabulary	noun
どせい	土星	Saturn	vocabulary	noun
ちちゅう	地中	Underground	vocabulary	noun, の adjective
かつよう	活用	Conjugation	vocabulary	noun, する verb
かいおうせい	海王星	Neptune	vocabulary	noun
しる	知る	To Know	vocabulary	transitive verb, godan verb
てくび	手首	Wrist	vocabulary	noun
とおる	通る	To Pass	vocabulary	intransitive verb, godan verb
じだい	時代	Period	vocabulary	noun
いったい	一体	The Heck	vocabulary	adverb
つける	付ける	To Attach	vocabulary	transitive verb, ichidan verb
いがい	以外	Other Than	vocabulary	noun
うしなう	失う	To Lose	vocabulary	transitive verb, godan verb
しつれい	失礼	Rude	vocabulary	noun, する verb, な adjective
にんぎょう	人形	Doll	vocabulary	noun
おおきく	大きく	In A Big Way	vocabulary	adverb
しめい	氏名	Full Name	vocabulary	noun
あたり	辺り	Area	vocabulary	noun
いぜん	以前	Previously	vocabulary	noun
みらい	未来	Future	vocabulary	noun, の adjective
どうじ	同時	Same Time	vocabulary	noun, の adjective
こうつう	交通	Traffic	vocabulary	noun, する verb
ふうせん	風船	Balloon	vocabulary	noun
さきまわり	先回り	Arriving Ahead	vocabulary	noun, する verb
しんり	心理	Mental State	vocabulary	noun
しゃかい	社会	Society	vocabulary	noun
みあたる	見当たる	To Be Found	vocabulary	intransitive verb, godan verb
ちょうみん	町民	Townspeople	vocabulary	noun
おにいさん	お兄さん	Older Brother	vocabulary	noun
かんがえ	考え	Thought	vocabulary	noun
かんがえかた	考え方	Way Of Thinking	vocabulary	noun
かたち	形	Shape	vocabulary	noun, suffix
けってん	欠点	Shortcoming	vocabulary	noun
し	〜氏	Mister	vocabulary	suffix
じゆう	自由	Freedom	vocabulary	noun, な adjective
りゆう	理由	Reason	vocabulary	noun
さつ	〜札	Bill	vocabulary	suffix
こくみん	国民	The People	vocabulary	noun
このへん	この辺	Around Here	vocabulary	pronoun, の adjective
いじょう	以上	More Than	vocabulary	noun
かならず	必ず	Surely	vocabulary	adverb
ひっし	必死	Frantic	vocabulary	な adjective, の adjective
まだ	未だ	Not Yet	vocabulary	adverb
すえ	末	The End	vocabulary	noun
ねんまつ	年末	Year End	vocabulary	noun
げつまつ	月末	End Of The Month	vocabulary	noun
こうこう	高校	High School	vocabulary	noun
がっこう	学校	School	vocabulary	noun
なつ	夏	Summer	vocabulary	noun
なつやすみ	夏休み	Summer Vacation	vocabulary	noun
いえ	家	Home	vocabulary	noun, の adjective
さっか	作家	Author	vocabulary	noun
よわい	弱い	Weak	vocabulary	い adjective
じゃくてん	弱点	Weak Point	vocabulary	noun
とき	時	Time	vocabulary	noun
いちじ	一時	One O'clock	vocabulary	noun
にじはん	二時半	Two Thirty	vocabulary	noun
なんじ	何時	What Time	vocabulary	noun
かみ	紙	Paper	vocabulary	noun
てがみ	手紙	Letter	vocabulary	noun, の adjective
にっき	日記	Diary	vocabulary	noun
たかい	高い	Tall	vocabulary	い adjective
つよい	強い	Strong	vocabulary	い adjective
きょうりょく	強力	Strength	vocabulary	noun, な adjective
おしえる	教える	To Teach	vocabulary	transitive verb, ichidan verb
きょうしつ	教室	Classroom	vocabulary	noun
しんりがく	心理学	Psychology	vocabulary	noun
ちり	地理	Geography	vocabulary	noun
くみ	組	Group	vocabulary	noun, suffix
ふね	船	Boat	vocabulary	noun
せんしゅう	先週	Last Week	vocabulary	noun
こんしゅう	今週	This Week	vocabulary	noun
しゅうまつ	週末	Weekend	vocabulary	noun
ゆき	雪	Snow	vocabulary	noun
さかな	魚	Fish	vocabulary	noun
きんぎょ	金魚	Goldfish	vocabulary	noun
かいぎょ	海魚	Ocean Fish	vocabulary	noun
とり	鳥	Bird	vocabulary	noun
はくちょう	白鳥	Swan	vocabulary	noun
きいろ	黄色	Yellow	vocabulary	noun, な adjective
くろい	黒い	Black	vocabulary	い adjective
こくじん	黒人	Black Person	vocabulary	noun, の adjective
てづくり	手作り	Handmade	vocabulary	noun, の adjective
かぜ	風	Wind	vocabulary	noun
だいがくせい	大学生	University Student	vocabulary	noun
いいかた	言い方	Way Of Saying	vocabulary	noun
ちかぢか	近々	Before Long	vocabulary	noun
あおぞら	青空	Blue Sky	vocabulary	noun
しょうがくせい	小学生	Elementary School Student	vocabulary	noun
つくりかた	作り方	How To Make	vocabulary	noun
ちゅうがくせい	中学生	Middle School Student	vocabulary	noun
ふにんき	不人気	Unpopular	vocabulary	noun, な adjective
かける	欠ける	To Lack	vocabulary	intransitive verb, ichidan verb
ほんとうに	本当に	Really	vocabulary	adverb
ちょうめ	〜丁目	District Of A Town	vocabulary	suffix
じ	〜時	O'Clock	vocabulary	suffix
ちかく	近く	Near	vocabulary	adverb, noun
たいふう	台風	Typhoon	vocabulary	noun
せんたい	船体	Hull	vocabulary	noun
ごうしつ	〜号室	Room Number	vocabulary	suffix
おおぞら	大空	Heavens	vocabulary	noun
さんかくけい	三角形	Triangle	vocabulary	noun, の adjective
かつようけい	活用形	Conjugated Form	vocabulary	noun
こごえ	小声	Low Voice	vocabulary	noun, の adjective
へん	辺	Area	vocabulary	noun
いか	以下	Less Than	vocabulary	noun
らいしゅう	来週	Next Week	vocabulary	noun
ひかる	光る	To Shine	vocabulary	intransitive verb, godan verb
ふだ	札	Tag	vocabulary	noun
いご	以後	After This	vocabulary	noun
いっきん	一斤	One Loaf of Bread	vocabulary	noun
にきん	二斤	Two Loaves of Bread	vocabulary	noun
かず	数	Number	vocabulary	noun
ばける	化ける	To Transform	vocabulary	intransitive verb, ichidan verb
まわす	回す	To Turn	vocabulary	transitive verb, godan verb
きじ	生地	Material	vocabulary	noun
かもく	科目	Subject	vocabulary	noun
ささえる	支える	To Support	vocabulary	transitive verb, ichidan verb
きゅうめい	究明	Investigation	vocabulary	noun, する verb
しゅっしょ	出所	Release From Prison	vocabulary	noun, する verb
まもなく	間もなく	Soon	vocabulary	adverb
にんずう	人数	The Number Of People	vocabulary	noun
まじる	交じる	To Be Mixed	vocabulary	intransitive verb, godan verb
まじわる	交わる	To Intersect	vocabulary	intransitive verb, godan verb
み	身	Body	vocabulary	noun
すうねん	数年	Several Years	vocabulary	noun
じゅうにん	住人	Resident	vocabulary	noun
たすける	助ける	To Help	vocabulary	transitive verb, ichidan verb
たいりつ	対立	Confrontation	vocabulary	noun, する verb, の adjective
けっしん	決心	Determination	vocabulary	noun, する verb
けんきゅう	研究	Research	vocabulary	noun, する verb
たしょ	他所	Another Place	vocabulary	noun
こうばん	交番	Police Box	vocabulary	proper noun
じかん	時間	Time	vocabulary	noun
かぞえる	数える	To Count	vocabulary	transitive verb, ichidan verb
てんすう	点数	Points	vocabulary	noun
なんべい	南米	South America	vocabulary	noun
ちかづく	近づく	To Get Close	vocabulary	intransitive verb, godan verb
おもいだす	思い出す	To Remember	vocabulary	transitive verb, godan verb
まったく	全く	Completely	vocabulary	adverb
ながさ	長さ	Length	vocabulary	noun
できあがる	出来上がる	To Be Finished	vocabulary	intransitive verb, godan verb
はしりまわる	走り回る	To Run Around	vocabulary	intransitive verb, godan verb
あてる	当てる	To Guess	vocabulary	transitive verb, ichidan verb
ぜんかい	前回	Last Time	vocabulary	noun
ちじょう	地上	Above Ground	vocabulary	noun, の adjective
あたりまえ	当たり前	Natural	vocabulary	noun, な adjective, の adjective
つける	点ける	To Turn On	vocabulary	transitive verb, ichidan verb
ばんぐみ	番組	Program	vocabulary	noun
とうしゅ	投手	Pitcher	vocabulary	noun, suffix
いけ	池	Pond	vocabulary	noun
うま	馬	Horse	vocabulary	noun
ばりき	馬力	Horsepower	vocabulary	noun
してん	支店	Branch Office	vocabulary	noun
すむ	住む	To Live	vocabulary	intransitive verb, godan verb
じょりょく	助力	Assistance	vocabulary	noun, する verb
じょげん	助言	Advice	vocabulary	noun, する verb, の adjective
いだい	医大	Medical University	vocabulary	noun
いがく	医学	Medical Science	vocabulary	noun
いしゃ	医者	Doctor	vocabulary	noun
くんしゅこく	君主国	Monarchy	vocabulary	noun
きみ	君	You	vocabulary	pronoun
くん	〜君	Boy Name Ender	vocabulary	noun, suffix
たいする	対する	To Compare With	vocabulary	する verb
たいがい	対外	Foreign	vocabulary	noun
はんたい	反対	Opposition	vocabulary	noun, する verb, な adjective, の adjective
きょく	局	Bureau	vocabulary	noun, suffix
しきょく	支局	Branch Office	vocabulary	noun
やく	役	Role	vocabulary	noun, suffix
やくにん	役人	Public Official	vocabulary	noun
やくにたつ	役に立つ	To Be Useful	vocabulary	godan verb
たいやく	大役	Important Task	vocabulary	noun
けつ	決	Decision	vocabulary	noun
きめる	決める	To Decide	vocabulary	transitive verb, ichidan verb
みけつ	未決	Pending	vocabulary	noun, の adjective
じけつ	自決	Suicide	vocabulary	noun, する verb
なげる	投げる	To Throw	vocabulary	transitive verb, ichidan verb
しんしん	心身	Body And Mind	vocabulary	noun, の adjective
しんたい	身体	The Body	vocabulary	noun, の adjective
ぜんしん	全身	Whole Body	vocabulary	noun, の adjective
もり	森	Woods	vocabulary	noun
りょうしゃ	両者	Both People	vocabulary	noun
さくしゃ	作者	Author	vocabulary	noun
がくしゃ	学者	Scholar	vocabulary	noun, の adjective
こうがくしゃ	工学者	Engineer	vocabulary	noun
ばしょ	場所	Place	vocabulary	noun
にゅうじょう	入場	Entrance	vocabulary	noun, する verb
こうじょう	工場	Factory	vocabulary	noun
ところ	所	Place	vocabulary	noun, suffix
にゅうしょ	入所	Admission	vocabulary	noun, する verb
めいしょ	名所	Famous Place	vocabulary	noun
じゅうしょ	住所	Address	vocabulary	noun
あさ	朝	Morning	vocabulary	noun
あさごはん	朝ごはん	Breakfast	vocabulary	noun
あさひ	朝日	Morning Sun	vocabulary	noun
ばんごう	番号	Number	vocabulary	noun
いちばん	一番	Number One	vocabulary	noun
にばん	二番	Number Two	vocabulary	noun
こたえ	答え	Answer	vocabulary	noun
こたえる	答える	To Answer	vocabulary	intransitive verb, ichidan verb
え	絵	Painting	vocabulary	noun
かう	買う	To Buy	vocabulary	transitive verb, godan verb
みち	道	Road	vocabulary	noun
ほどう	歩道	Sidewalk	vocabulary	noun
どう	〜道	Method Of	vocabulary	noun, suffix
あいだ	間	Interval	vocabulary	noun
かん	〜間	Amount Of Time	vocabulary	noun, suffix
にんげん	人間	Human	vocabulary	noun
くうかん	空間	Space	vocabulary	noun
くも	雲	Cloud	vocabulary	noun
すうじ	数字	Numeral	vocabulary	noun
すうがく	数学	Mathematics	vocabulary	noun
たのしい	楽しい	Fun	vocabulary	い adjective
おんがく	音楽	Music	vocabulary	noun
らく	楽	Comfort	vocabulary	noun, な adjective
はなす	話す	To Speak	vocabulary	transitive verb, godan verb
でんわ	電話	Telephone	vocabulary	noun, する verb, の adjective
かいわ	会話	Conversation	vocabulary	noun, する verb
でんしゃ	電車	Train	vocabulary	noun
でんき	電気	Electricity	vocabulary	noun
でんち	電池	Battery	vocabulary	noun
でんし	電子	Electron	vocabulary	noun
でんりょく	電力	Electric Power	vocabulary	noun
つぎつぎ	次々	One By One	vocabulary	adverb
むこう	向こう	Over There	vocabulary	noun
まがる	曲がる	To Be Bent	vocabulary	intransitive verb, godan verb
ぜんべい	全米	All America	vocabulary	noun
みなみぐち	南口	South Exit	vocabulary	noun
おもいで	思い出	A Memory	vocabulary	noun
みなおす	見直す	To Reevaluate	vocabulary	godan verb
このまえ	この前	The Other Day	vocabulary	noun, の adjective
ひがしぐち	東口	East Exit	vocabulary	noun
おしらせ	お知らせ	Notice	vocabulary	noun, する verb
なまえ	名前	Name	vocabulary	noun
まげる	曲げる	To Bend	vocabulary	transitive verb, ichidan verb
わたしじしん	私自身	Personally	vocabulary	pronoun
しりつだいがく	私立大学	Private College	vocabulary	noun
あした	明日	Tomorrow	vocabulary	noun
ほっかいどう	北海道	Hokkaido	vocabulary	proper noun
むける	向ける	To Turn Towards	vocabulary	transitive verb, ichidan verb
おまえ	お前	You	vocabulary	pronoun, の adjective
ちちゅうかい	地中海	Mediterranean Sea	vocabulary	noun
まいあさ	毎朝	Every Morning	vocabulary	noun
すいどう	水道	Water Supply	vocabulary	noun
やくめ	役目	Duty	vocabulary	noun
えもじ	絵文字	Emoji	vocabulary	noun
つかう	使う	To Use	vocabulary	transitive verb, godan verb
そうだん	相談	Consultation	vocabulary	noun, する verb
たいじゅう	体重	Body Weight	vocabulary	noun
とおり	通り	Avenue	vocabulary	noun
きをつけて	気を付けて	Be Careful	vocabulary	expression
おしえ	教え	Teaching	vocabulary	noun
おもて	表	Front	vocabulary	noun
じゅうみん	住民	Residents	vocabulary	noun
だいじ	大事	Important	vocabulary	noun, な adjective
へんじ	返事	Reply	vocabulary	noun, する verb
はっけん	発見	Discovery	vocabulary	noun, する verb
あいて	相手	Partner	vocabulary	noun
まける	負ける	To Lose	vocabulary	intransitive verb, ichidan verb
つく	付く	To Be Attached	vocabulary	intransitive verb, godan verb
かえす	返す	To Return	vocabulary	transitive verb, godan verb
あらわす	表す	To Express	vocabulary	transitive verb, godan verb
しゅっぱつ	出発	Departure	vocabulary	noun, する verb
てんし	天使	Angel	vocabulary	noun
ぶ	〜部	Department	vocabulary	suffix
ぶしつ	部室	Clubroom	vocabulary	noun
ぶしゅ	部首	Radical	vocabulary	noun
はーとがた	ハート形	Heart Shaped	vocabulary	noun
こと	事	Thing	vocabulary	noun
こうじ	工事	Construction	vocabulary	noun, する verb
どうぐ	道具	Tool	vocabulary	noun
よてい	予定	Plan	vocabulary	noun, する verb
もの	物	Thing	vocabulary	noun
めいぶつ	名物	Local Specialty	vocabulary	noun
にがい	苦い	Bitter Tasting	vocabulary	い adjective
へや	部屋	Room	vocabulary	noun
ちゃや	茶屋	Tea Shop	vocabulary	noun
かくど	角度	Angle	vocabulary	noun, の adjective
ど	〜度	Degrees	vocabulary	noun, suffix
もつ	持つ	To Hold	vocabulary	godan verb
せかい	世界	The World	vocabulary	noun
はつおん	発音	Pronunciation	vocabulary	noun, する verb, の adjective
しょうぶ	勝負	Match	vocabulary	noun, する verb
ひっしょう	必勝	Sure Victory	vocabulary	noun
おくる	送る	To Send	vocabulary	transitive verb, godan verb
じゅうよう	重要	Essential	vocabulary	noun, な adjective
にじゅう	二重	Double	vocabulary	noun, の adjective
ひつよう	必要	Necessary	vocabulary	noun, な adjective
ようてん	要点	Main Point	vocabulary	noun
かりに	仮に	Temporarily	vocabulary	adverb
みつける	見付ける	To Find	vocabulary	transitive verb, ichidan verb
たもつ	保つ	To Preserve	vocabulary	transitive verb, godan verb
こころみる	試みる	To Try	vocabulary	transitive verb, ichidan verb
たいけん	体験	Experience	vocabulary	noun, する verb
じゅけん	受験	Taking An Exam	vocabulary	noun, する verb
じっけん	実験	Experiment	vocabulary	noun, する verb
ぜんぶ	全部	All	vocabulary	adverb, noun
いる	要る	To Need	vocabulary	intransitive verb, godan verb
たいだん	対談	Conversation	vocabulary	noun, する verb
ふじゆう	不自由	Discomfort	vocabulary	noun, な adjective
ふきん	付近	Neighborhood	vocabulary	noun
かかす	欠かす	To Miss	vocabulary	transitive verb, godan verb
なんど	何度	How Many Times	vocabulary	noun
きじ	記事	Article	vocabulary	noun
かじ	家事	Housework	vocabulary	noun
しよう	使用	Use	vocabulary	noun, する verb
うる	売る	To Sell	vocabulary	transitive verb, godan verb
せんえんさつ	千円札	Thousand Yen Bill	vocabulary	noun
ようじ	用事	Errand	vocabulary	noun
しょくじ	食事	Meal	vocabulary	noun
かぐ	家具	Furniture	vocabulary	noun
うける	受ける	To Receive	vocabulary	transitive verb, ichidan verb
わふう	和風	Japanese Style	vocabulary	noun
へいわ	平和	Peace	vocabulary	noun, な adjective
わしょく	和食	Japanese Style Food	vocabulary	noun
わしつ	和室	Japanese Style Room	vocabulary	noun
わふく	和服	Japanese Style Clothes	vocabulary	noun
けってい	決定	Decision	vocabulary	noun, する verb
じつ	実	Truth	vocabulary	noun, の adjective
じじつ	事実	Truth	vocabulary	noun
じつりょく	実力	True Strength	vocabulary	noun
ふく	服	Clothes	vocabulary	noun
およぐ	泳ぐ	To Swim	vocabulary	intransitive verb, godan verb
くるしい	苦しい	Painful	vocabulary	い adjective
のる	乗る	To Ride	vocabulary	intransitive verb, godan verb
のせる	乗せる	To Give A Ride	vocabulary	transitive verb, ichidan verb
おきゃくさん	お客さん	Guest	vocabulary	noun
きゃくしつ	客室	Guest Room	vocabulary	noun
や	〜屋	Store	vocabulary	suffix
にくや	肉屋	Butcher Shop	vocabulary	noun
さかなや	魚屋	Fish Shop	vocabulary	noun
なごや	名古屋	Nagoya	vocabulary	proper noun
こんど	今度	This Time	vocabulary	noun
ちょうど	丁度	Exactly	vocabulary	adverb, noun, な adjective
まいど	毎度	Each Time	vocabulary	noun
はつばい	発売	For Sale	vocabulary	noun, する verb
けん	〜県	Prefecture	vocabulary	noun, suffix
うつくしい	美しい	Beautiful	vocabulary	い adjective
びじん	美人	Beautiful Woman	vocabulary	noun
かつ	勝つ	To Win	vocabulary	intransitive verb, godan verb
しょうしゃ	勝者	Winner	vocabulary	noun
らくしょう	楽勝	Easy Victory	vocabulary	noun, する verb, の adjective
おもい	重い	Heavy	vocabulary	い adjective
かな	仮名	Kana	vocabulary	noun
かてい	仮定	Assumption	vocabulary	noun, する verb
しょうがっこう	小学校	Elementary School	vocabulary	noun
あたらしい	新しい	New	vocabulary	い adjective
こうこうせい	高校生	High School Student	vocabulary	noun
ちゅうがっこう	中学校	Middle School	vocabulary	noun
よわむし	弱虫	Weakling	vocabulary	noun, な adjective, の adjective
よわよわしい	弱々しい	Weak Looking	vocabulary	い adjective
たかさ	高さ	Height	vocabulary	noun
しろくろ	白黒	Black And White	vocabulary	noun, の adjective
ほじ	保持	Retention	vocabulary	noun, する verb
せいほ	生保	Life Insurance	vocabulary	noun
ししょく	試食	Sample	vocabulary	noun, する verb
しけん	試験	Examination	vocabulary	noun, する verb
はっぴょう	発表	Announcement	vocabulary	noun, する verb
ほんや	本屋	Bookstore	vocabulary	noun
しんねん	新年	New Year	vocabulary	noun
ぶぶん	部分	Portion	vocabulary	noun
うれる	売れる	To Be Sold	vocabulary	intransitive verb, ichidan verb
およぎ	泳ぎ	Swimming	vocabulary	noun
かじ	火事	Fire	vocabulary	noun
とおす	通す	To Let Pass	vocabulary	transitive verb, godan verb
せいぶつ	生物	Living Thing	vocabulary	noun
かいし	開始	Start	vocabulary	noun, する verb
くばる	配る	To Distribute	vocabulary	transitive verb, godan verb
しんか	進化	Evolution	vocabulary	noun, する verb
あける	開ける	To Open	vocabulary	transitive verb, ichidan verb
あつめる	集める	To Collect	vocabulary	transitive verb, ichidan verb
さんすう	算数	Arithmetic	vocabulary	noun, の adjective
しゅご	主語	Subject	vocabulary	noun, の adjective
ちょうし	調子	Condition	vocabulary	noun
ちかみち	近道	Shortcut	vocabulary	noun, する verb
きまる	決まる	To Be Decided	vocabulary	intransitive verb, godan verb
きゅうじん	求人	Help Wanted	vocabulary	noun, する verb
けさ	今朝	This Morning	vocabulary	noun
ばんごうふだ	番号札	Numbered Tag	vocabulary	noun
しゅうりょう	終了	End	vocabulary	noun, する verb
さいしゅう	最終	Last	vocabulary	noun, の adjective
ならう	習う	To Learn	vocabulary	transitive verb, godan verb
てんそう	転送	Transfer	vocabulary	noun, する verb
すすむ	進む	To Advance	vocabulary	intransitive verb, godan verb
しんこう	進行	Advance	vocabulary	noun, する verb
はこぶ	運ぶ	To Carry	vocabulary	intransitive verb, transitive verb, godan verb
しゅうきん	集金	Collecting Money	vocabulary	noun, する verb
せんろ	線路	Railroad Track	vocabulary	noun
ろじ	路地	Alley	vocabulary	noun
うた	歌	Song	vocabulary	noun
よむ	読む	To Read	vocabulary	transitive verb, godan verb
よみかた	読み方	Reading	vocabulary	noun
もっとも	最も	The Most	vocabulary	adverb
さいご	最後	Last	vocabulary	noun, の adjective
がいらいご	外来語	Foreign Word	vocabulary	noun
であう	出会う	To Meet By Chance	vocabulary	intransitive verb, godan verb
ちば	千葉	Chiba	vocabulary	proper noun
やむ	病む	To Be Sick	vocabulary	godan verb
は	葉	Leaf	vocabulary	noun
くちょう	口調	Tone	vocabulary	noun
さっそく	早速	At Once	vocabulary	adverb
おわる	終わる	To End	vocabulary	intransitive verb, godan verb
ころがる	転がる	To Roll	vocabulary	intransitive verb, godan verb
あおば	青葉	Fresh Leaves	vocabulary	noun
かるい	軽い	Lightweight	vocabulary	い adjective
かいはつ	開発	Development	vocabulary	noun, する verb, の adjective
きく	聞く	To Hear	vocabulary	transitive verb, godan verb
せん	線	Line	vocabulary	noun, suffix
きょうちょう	強調	Emphasis	vocabulary	noun, する verb
しらべる	調べる	To Investigate	vocabulary	transitive verb, ichidan verb
おや	親	Parent	vocabulary	noun
したしい	親しい	Intimate	vocabulary	い adjective
しんせつ	親切	Kind	vocabulary	noun, な adjective
かおつき	顔付き	Expression	vocabulary	noun
さいこう	最高	The Best	vocabulary	noun, な adjective, の adjective
あてじ	当て字	Phonetic Kanji	vocabulary	noun
むけ	〜向け	Made For	vocabulary	suffix
けんきゅうしょ	研究所	Research Institute	vocabulary	noun
なげつける	投げ付ける	To Throw Against	vocabulary	transitive verb, ichidan verb
しんぱい	心配	A Worry	vocabulary	noun, する verb, な adjective
もとめる	求める	To Want	vocabulary	transitive verb, ichidan verb
おもわず	思わず	Unintentionally	vocabulary	adverb
さぎょう	作業	Work	vocabulary	noun, する verb
にゅういん	入院	Hospitalization	vocabulary	noun, する verb
かたる	語る	To Talk	vocabulary	transitive verb, godan verb
のうじょう	農場	Farm	vocabulary	noun
きんじょ	近所	Neighborhood	vocabulary	noun, の adjective
じょしゅ	助手	Assistant	vocabulary	noun
けんきゅうしつ	研究室	Laboratory	vocabulary	noun
はじめる	始める	To Begin	vocabulary	transitive verb, ichidan verb
おきる	起きる	To Wake Up	vocabulary	intransitive verb, ichidan verb
そくど	速度	Speed	vocabulary	noun
おさけ	お酒	Sake	vocabulary	noun
にほんしゅ	日本酒	Japanese Style Alcohol	vocabulary	noun
びょういん	病院	Hospital	vocabulary	noun, の adjective
がくいん	学院	Academy	vocabulary	noun
しゅうてん	終点	Last Stop	vocabulary	noun
じてんしゃ	自転車	Bicycle	vocabulary	noun
うんてんする	運転する	To Drive	vocabulary	する verb
かいてん	回転	Rotation	vocabulary	noun, する verb
おちる	落ちる	To Fall Down	vocabulary	intransitive verb, ichidan verb
うんがいい	運がいい	Lucky	vocabulary	expression, い adjective
こうかい	公開	Open To The Public	vocabulary	noun, する verb, の adjective
かいぎょう	開業	Opening A Business	vocabulary	noun, する verb
しゅうちゅう	集中	Concentration	vocabulary	noun, する verb, の adjective
のむ	飲む	To Drink	vocabulary	transitive verb, godan verb
こうぎょう	工業	Industry	vocabulary	noun
かんじ	漢字	Kanji	vocabulary	noun
どうろ	道路	Paved Road	vocabulary	noun
のうみん	農民	Peasants	vocabulary	noun, の adjective
のうぎょう	農業	Agriculture	vocabulary	noun, の adjective
ちかてつ	地下鉄	Subway	vocabulary	noun
てつじん	鉄人	Strong Man	vocabulary	noun
でんてつ	電鉄	Electric Railway	vocabulary	noun
かしゅ	歌手	Singer	vocabulary	noun
さんていする	算定する	To Calculate	vocabulary	する verb
しんぶん	新聞	Newspaper	vocabulary	noun, の adjective
にほんご	日本語	Japanese Language	vocabulary	noun, の adjective
ふらんすご	フランス語	French Language	vocabulary	noun
すぺいんご	スペイン語	Spanish Language	vocabulary	noun
なく	鳴く	To Chirp	vocabulary	godan verb
よこ	横	Side	vocabulary	noun
しんゆう	親友	Close Friend	vocabulary	noun
あたま	頭	Head	vocabulary	noun
かお	顔	Face	vocabulary	noun
びょうき	病気	Sick	vocabulary	noun, の adjective
びょう	〜病	Disease	vocabulary	noun, suffix
びょうにん	病人	Sick Person	vocabulary	noun
さいきん	最近	Recent	vocabulary	noun, の adjective
めいしゃ	目医者	Eye Doctor	vocabulary	noun
いちばんめ	一番目	First Thing	vocabulary	noun
たのしみ	楽しみ	Looking Forward To	vocabulary	noun, な adjective
たすかる	助かる	To Be Helped	vocabulary	intransitive verb, godan verb
たのしむ	楽しむ	To Enjoy	vocabulary	godan verb
ばかす	化かす	To Bewitch	vocabulary	transitive verb, godan verb
はなし	話	Story	vocabulary	noun
してつ	私鉄	Private Railway	vocabulary	noun
ようきゅう	要求	Demand	vocabulary	noun, する verb
しだい	私大	Private College	vocabulary	noun
きょくせん	曲線	Curve	vocabulary	noun
げんご	言語	Language	vocabulary	noun
はやい	速い	Fast	vocabulary	い adjective
たちのみ	立ち飲み	Standing And Drinking	vocabulary	noun
やくば	役場	Town Hall	vocabulary	noun
だいどころ	台所	Kitchen	vocabulary	noun, の adjective
だいがくいん	大学院	Graduate School	vocabulary	noun
たしざん	足し算	Addition	vocabulary	noun
ひきざん	引き算	Subtraction	vocabulary	noun
けっていする	決定する	To Decide	vocabulary	する verb
つたえる	伝える	To Transmit	vocabulary	transitive verb, ichidan verb
きょうどう	共同	Cooperation	vocabulary	noun, する verb, の adjective
きょうゆう	共有	Shared	vocabulary	noun, する verb, の adjective
どりょく	努力	Great Effort	vocabulary	noun, する verb
のりば	乗り場	Bus Stop	vocabulary	noun
かち	勝ち	Victory	vocabulary	noun
みおくる	見送る	To See Off	vocabulary	transitive verb, godan verb
おくじょう	屋上	Rooftop	vocabulary	noun
したく	支度	Preparation	vocabulary	noun, する verb
しょほ	初歩	Basics	vocabulary	noun, の adjective
あらた	新た	New	vocabulary	adverb, な adjective
こころもち	心持ち	Feeling	vocabulary	adverb, noun
ほうそうする	放送する	To Broadcast	vocabulary	する verb
せんそう	戦争	War	vocabulary	noun, する verb
なかま	仲間	Companion	vocabulary	noun
きょうつうてん	共通点	Common Point	vocabulary	noun
くろう	苦労	Hardship	vocabulary	noun, する verb, な adjective
いのち	命	Life	vocabulary	noun
でんぱ	電波	Reception	vocabulary	noun
ちゅうい	注意	Caution	vocabulary	noun, する verb
ちゅうもん	注文	Order	vocabulary	noun, する verb, の adjective
きょういく	教育	Education	vocabulary	noun, する verb, の adjective
さす	指す	To Point	vocabulary	transitive verb, godan verb
していする	指定する	To Appoint	vocabulary	する verb
じんじゃ	神社	Shinto Shrine	vocabulary	noun
こうきゅう	高級	High Class	vocabulary	noun, な adjective, の adjective
きそう	競う	To Compete	vocabulary	intransitive verb, godan verb
はたらく	働く	To Work	vocabulary	intransitive verb, godan verb
しごと	仕事	Job	vocabulary	noun, する verb, の adjective
くるしむ	苦しむ	To Suffer	vocabulary	intransitive verb, godan verb
きづく	気付く	To Realize	vocabulary	godan verb
うけつけ	受付	Receptionist	vocabulary	noun
にがて	苦手	Hard To Deal With	vocabulary	noun, な adjective
ふりょう	不良	Bad	vocabulary	noun, な adjective, の adjective
ためす	試す	To Attempt	vocabulary	transitive verb, godan verb
にゅうがくしけん	入学試験	Entrance Exam	vocabulary	noun
みかた	味方	Ally	vocabulary	noun, する verb, の adjective
ほじする	保持する	To Maintain	vocabulary	する verb
かよう	通う	To Commute	vocabulary	intransitive verb, godan verb
けんぶつ	見物	Sightseeing	vocabulary	noun, する verb
あらかじめ	予め	Beforehand	vocabulary	adverb
ひらがな	平仮名	Hiragana	vocabulary	noun
もじどおり	文字通り	Literal	vocabulary	の adjective
せいよう	西洋	The West	vocabulary	noun, の adjective
むかしばなし	昔話	Folk Tale	vocabulary	noun
みごと	見事	Splendid	vocabulary	noun, な adjective
うりあげ	売り上げ	Amount Sold	vocabulary	noun
うりきれ	売り切れ	Sold Out	vocabulary	noun, の adjective
ほんもの	本物	Real Thing	vocabulary	noun, の adjective
きもち	気持ち	Feeling	vocabulary	noun
ものがたり	物語	Tale	vocabulary	noun, する verb, の adjective
あらそう	争う	To Compete	vocabulary	intransitive verb, godan verb
きょうそう	競争	Competition	vocabulary	noun, する verb, の adjective
なか	仲	Relationship	vocabulary	noun
なかなおり	仲直り	Reconciliation	vocabulary	noun, する verb
こうきょう	公共	Public	vocabulary	noun, の adjective
すき	好き	Like	vocabulary	noun, な adjective
ゆうこう	友好	Friendship	vocabulary	noun
なる	成る	To Become	vocabulary	intransitive verb, godan verb
せいこう	成功	Success	vocabulary	noun, する verb
ろうじん	老人	Old Person	vocabulary	noun, の adjective
い	〜位	Rank	vocabulary	counter, suffix
いちい	一位	First Place	vocabulary	noun, の adjective
しゅい	首位	First Place	vocabulary	noun, の adjective
ひくい	低い	Low	vocabulary	い adjective
さいてい	最低	The Lowest	vocabulary	adverb, noun, な adjective, の adjective
しょかい	初回	The First Time	vocabulary	noun
さいしょ	最初	The First	vocabulary	noun, の adjective
べつの	別の	Separate	vocabulary	の adjective
べつに	別に	Not Particularly	vocabulary	adverb
べつじん	別人	Different Person	vocabulary	noun
べつべつ	別々	Separately	vocabulary	noun, な adjective, の adjective
とくべつ	特別	Special	vocabulary	adverb, noun, な adjective, の adjective
きく	利く	To Work Well	vocabulary	intransitive verb, godan verb
べんり	便利	Convenient	vocabulary	な adjective
ろうどう	労働	Manual Labor	vocabulary	noun, する verb, の adjective
ろうどうしゃ	労働者	Laborer	vocabulary	noun
うんめい	運命	Fate	vocabulary	noun
めいれい	命令	Order	vocabulary	noun, する verb
かいがん	海岸	Seashore	vocabulary	noun, の adjective
はなす	放す	To Release	vocabulary	transitive verb, godan verb
かいほうする	開放する	To Open Up	vocabulary	する verb
むかし	昔	Long Ago	vocabulary	noun, の adjective
そそぐ	注ぐ	To Pour	vocabulary	transitive verb, godan verb
そだつ	育つ	To Be Raised	vocabulary	intransitive verb, godan verb
ひろう	拾う	To Pick Up	vocabulary	transitive verb, godan verb
ゆび	指	Finger	vocabulary	noun
ようふう	洋風	Western Style	vocabulary	noun, な adjective, の adjective
ようふく	洋服	Clothes	vocabulary	noun
たいへいよう	太平洋	Pacific Ocean	vocabulary	noun
ようしょく	洋食	Western Food	vocabulary	noun
ようしつ	洋室	Western Style Room	vocabulary	noun
かみ	神	God	vocabulary	noun
しんとう	神道	Shinto	vocabulary	noun
びょう	秒	Second	vocabulary	noun, suffix
しょきゅう	初級	Beginner Level	vocabulary	noun, の adjective
ちゅうきゅう	中級	Intermediate Level	vocabulary	noun, の adjective
じょうきゅう	上級	Advanced Level	vocabulary	noun
おう	追う	To Follow	vocabulary	transitive verb, godan verb
たたかい	戦い	Battle	vocabulary	noun
さくせん	作戦	Tactics	vocabulary	noun
せんしゃ	戦車	Tank	vocabulary	noun
せんじょう	戦場	Battlefield	vocabulary	noun
よい	良い	Good	vocabulary	い adjective
とくに	特に	Especially	vocabulary	adverb
ふべん	不便	Inconvenient	vocabulary	noun, な adjective
べんじょ	便所	Toilet	vocabulary	noun
いけん	意見	Opinion	vocabulary	noun, する verb, の adjective
いみ	意味	Meaning	vocabulary	noun, する verb
あじ	味	Taste	vocabulary	noun
しかえし	仕返し	Getting Even	vocabulary	noun, する verb
つかいかた	使い方	How To Use	vocabulary	noun
まけいぬ	負け犬	Loser	vocabulary	noun
ときどき	時々	Sometimes	vocabulary	adverb, noun, の adjective
かいもの	買い物	Shopping	vocabulary	noun, の adjective
つたわる	伝わる	To Be Transmitted	vocabulary	intransitive verb, godan verb
きもちいい	気持ちいい	Good Feeling	vocabulary	expression, い adjective
いがい	意外	Unexpected	vocabulary	adverb, noun, な adjective
つき	〜付き	Including	vocabulary	suffix
はつばいちゅう	発売中	Now For Sale	vocabulary	noun, の adjective
たべもの	食べ物	Food	vocabulary	noun
なみ	波	Wave	vocabulary	noun
ちょうどいい	丁度いい	Just Right	vocabulary	expression, い adjective
ようい	用意	Preparation	vocabulary	noun, する verb
べつ	別	Different	vocabulary	noun, の adjective
せいぶつがく	生物学	Biology	vocabulary	noun
でんき	伝記	Biography	vocabulary	noun, の adjective
うりて	売り手	Seller	vocabulary	noun
のりもの	乗り物	Vehicle	vocabulary	noun
かねもち	金持ち	Rich Person	vocabulary	noun
しゅうちゅうする	集中する	To Concentrate	vocabulary	する verb
やすうり	安売り	Sell Cheaply	vocabulary	noun, する verb
かえる	返る	To Be Returned	vocabulary	intransitive verb, godan verb
はじめに	始めに	In The Beginning	vocabulary	expression
りそく	利息	Interest	vocabulary	noun
わるい	悪い	Bad	vocabulary	い adjective
よんじゅうにかい	四十二階	Forty Second Floor	vocabulary	noun
のぼる	登る	To Climb	vocabulary	intransitive verb, godan verb
あう	合う	To Suit	vocabulary	intransitive verb, godan verb
さんばんめ	三番目	Third Thing	vocabulary	noun
ころぶ	転ぶ	To Fall Over	vocabulary	intransitive verb, godan verb
あく	開く	To Open	vocabulary	intransitive verb, godan verb
おこる	起こる	To Occur	vocabulary	intransitive verb, godan verb
かって	勝手	As One Pleases	vocabulary	noun, な adjective
つごう	都合	At Your Convenience	vocabulary	adverb, noun
しょうか	消化	Digestion	vocabulary	noun, する verb, の adjective
きおん	気温	Temperature	vocabulary	noun
おち	落ち	Conclusion	vocabulary	noun
おやぶん	親分	Boss	vocabulary	noun
ちゃくちゃく	着々	Steadily	vocabulary	adverb
かてい	家庭	Family	vocabulary	noun, の adjective
いき	息	Breath	vocabulary	noun
たび	旅	Trip	vocabulary	noun, する verb
ね	根	Root	vocabulary	noun
こんぽん	根本	Root	vocabulary	noun, の adjective
やね	屋根	Roof	vocabulary	noun
こんき	根気	Patience	vocabulary	noun
ながす	流す	To Flow	vocabulary	transitive verb, godan verb
ばい	〜倍	Times	vocabulary	noun, suffix
にばい	二倍	Double	vocabulary	noun
てんいん	店員	Shop Staff	vocabulary	noun, の adjective
ぶんしょう	文章	Writing	vocabulary	noun
だいいち	第一	The First	vocabulary	adverb, noun
とうきょうと	東京都	Tokyo Metropolis	vocabulary	proper noun
きょうと	京都	Kyoto	vocabulary	proper noun
うごく	動く	To Move	vocabulary	intransitive verb, godan verb
どうぶつ	動物	Animal	vocabulary	noun
しょうばい	商売	Business	vocabulary	noun, する verb
しょうにん	商人	Merchant	vocabulary	noun, の adjective
あくにん	悪人	Bad Person	vocabulary	noun, の adjective
けつぞく	血族	Blood Relative	vocabulary	noun, の adjective
しんや	深夜	Middle Of The Night	vocabulary	noun
どうわ	童話	Children's Story	vocabulary	noun
たいよう	太陽	Sun	vocabulary	noun
いっかい	一階	First Floor	vocabulary	noun
きたい	期待	Expectation	vocabulary	noun, する verb
がっき	学期	School Term	vocabulary	noun, の adjective
じき	時期	Time	vocabulary	noun
くうこう	空港	Airport	vocabulary	noun
ちゃのゆ	茶の湯	Tea Ceremony	vocabulary	noun
ゆげ	湯気	Steam	vocabulary	noun
とざん	登山	Mountain Climbing	vocabulary	noun, する verb
きる	着る	To Wear	vocabulary	transitive verb, ichidan verb
つく	着く	To Arrive	vocabulary	godan verb
みじかい	短い	Short	vocabulary	い adjective
たんとう	短刀	Short Sword	vocabulary	noun
たんき	短期	Short Period	vocabulary	noun, の adjective
いずみ	泉	Spring	vocabulary	noun
しんぱいごと	心配事	Cares	vocabulary	noun
おんよみ	音読み	Chinese Reading	vocabulary	noun, する verb
うんてんしゅ	運転手	Driver	vocabulary	noun
はなしかた	話し方	Way Of Speaking	vocabulary	noun
あつまる	集まる	To Come Together	vocabulary	intransitive verb, godan verb
おとす	落とす	To Drop Something	vocabulary	transitive verb, godan verb
おわり	終わり	The End	vocabulary	noun
しゅうでん	終電	Last Train	vocabulary	noun
しんぱいする	心配する	To Worry	vocabulary	する verb
なる	鳴る	To Ring	vocabulary	intransitive verb, godan verb
うたう	歌う	To Sing	vocabulary	transitive verb, godan verb
ようきゅうする	要求する	To Demand	vocabulary	する verb
うん	運	Luck	vocabulary	noun
かい	〜階	Floor	vocabulary	suffix
とし	都市	City	vocabulary	noun, の adjective
ことば	言葉	Word	vocabulary	noun
ぼく	僕	I	vocabulary	pronoun, の adjective
ちきゅう	地球	The Earth	vocabulary	noun, の adjective
たしろじま	田代島	Tashirojima	vocabulary	proper noun
かいいん	会員	Member	vocabulary	noun
せんいん	船員	Sailor	vocabulary	noun, の adjective
とかい	都会	City	vocabulary	noun, の adjective
しま	島	Island	vocabulary	noun
ようき	陽気	Cheerful	vocabulary	noun, な adjective
きかん	期間	Period	vocabulary	noun
こうどう	行動	Action	vocabulary	noun, する verb, の adjective
あつまり	集まり	Gathering	vocabulary	noun
うえる	植える	To Plant	vocabulary	transitive verb, ichidan verb
かおもじ	顔文字	Kaomoji	vocabulary	noun
だいがくいんせい	大学院生	Graduate Student	vocabulary	noun
みなと	港	Harbor	vocabulary	noun
ゆ	湯	Hot Water	vocabulary	noun
かつどう	活動	Action	vocabulary	noun, する verb
さいじつ	祭日	National Holiday	vocabulary	noun, の adjective
はじまる	始まる	To Begin	vocabulary	intransitive verb, godan verb
まつ	待つ	To Wait	vocabulary	intransitive verb, transitive verb, godan verb
べんきょう	勉強	Studies	vocabulary	noun, する verb
にわ	庭	Garden	vocabulary	noun
むすこ	息子	Son	vocabulary	noun
りょこう	旅行	Trip	vocabulary	noun, する verb, の adjective
だいこん	大根	Daikon	vocabulary	noun, の adjective
りゅうこう	流行	Trend	vocabulary	noun, する verb, の adjective
いちりゅう	一流	First Rate	vocabulary	noun, の adjective
ほんりゅう	本流	Mainstream	vocabulary	noun, の adjective
けす	消す	To Extinguish	vocabulary	transitive verb, godan verb
ぜんいん	全員	All Members	vocabulary	noun
しゃいん	社員	Employee	vocabulary	noun
かいしゃいん	会社員	Company Employee	vocabulary	noun
ひろしま	広島	Hiroshima	vocabulary	proper noun
まつり	祭	Festival	vocabulary	noun
だいにしょう	第二章	Chapter Two	vocabulary	noun, の adjective
だいいちい	第一位	First Place	vocabulary	noun
うんどう	運動	Exercise	vocabulary	noun, する verb
あくじょ	悪女	Evil Woman	vocabulary	noun
さいあく	最悪	The Worst	vocabulary	noun, な adjective
かぞく	家族	Family	vocabulary	noun, の adjective
みんぞく	民族	Ethnic Group	vocabulary	noun, の adjective
ふかい	深い	Deep	vocabulary	い adjective
すいしん	水深	Water Depth	vocabulary	noun
さいしん	最深	Deepest	vocabulary	noun, な adjective, の adjective
たま	球	Sphere	vocabulary	noun
やきゅう	野球	Baseball	vocabulary	noun
にかい	二階	Second Floor	vocabulary	noun
さむい	寒い	Cold	vocabulary	い adjective
あつい	暑い	Hot Weather	vocabulary	い adjective
しょくぶつ	植物	Plant	vocabulary	noun
はいしゃ	歯医者	Dentist	vocabulary	noun
むしば	虫歯	Cavity	vocabulary	noun, の adjective
は	歯	Tooth	vocabulary	noun
あたたかい	温かい	Warm	vocabulary	い adjective
おんせん	温泉	Hot Springs	vocabulary	noun
おんど	温度	Temperature	vocabulary	noun
さけのみ	酒飲み	Alcoholic	vocabulary	noun
なきごえ	鳴き声	Animal Cry	vocabulary	noun
のみもの	飲み物	Beverage	vocabulary	noun
きこえる	聞こえる	Hearable	vocabulary	intransitive verb, ichidan verb
おちば	落ち葉	Fallen Leaves	vocabulary	noun, の adjective
ちちおや	父親	Father	vocabulary	noun
ははおや	母親	Mother	vocabulary	noun, の adjective
よそう	予想	Expectation	vocabulary	noun, する verb, の adjective
せいぜん	整然	Orderly	vocabulary	adverb
くらい	暗い	Dark	vocabulary	い adjective
そうてい	想定	Hypothesis	vocabulary	noun, する verb
しそう	思想	Thought	vocabulary	noun
たたかう	戦う	To Fight	vocabulary	intransitive verb, godan verb
おいかける	追いかける	To Chase	vocabulary	transitive verb, ichidan verb
あやまる	謝る	To Apologize	vocabulary	godan verb
しょうきん	賞金	Cash Prize	vocabulary	noun
やしなう	養う	To Foster	vocabulary	transitive verb, godan verb
えきちょう	駅長	Station Master	vocabulary	noun
じっかん	実感	Realization	vocabulary	noun, する verb
こゆび	小指	Little Finger	vocabulary	noun
そうぞうする	想像する	To Imagine	vocabulary	する verb
えいぞう	映像	Picture	vocabulary	noun, の adjective
がぞう	画像	Image	vocabulary	noun
おく	億	Hundred Million	vocabulary	numeral
もんだい	問題	Problem	vocabulary	noun
うつわ	器	Container	vocabulary	noun
きよう	器用	Dextrous	vocabulary	noun, な adjective
しゅくだい	宿題	Homework	vocabulary	noun
じじょう	事情	Circumstances	vocabulary	noun
にんじょう	人情	Humanity	vocabulary	noun
なさけ	情け	Pity	vocabulary	noun
かんじょう	感情	Feeling	vocabulary	noun, の adjective
かいそう	回想	Retrospection	vocabulary	noun, する verb, の adjective
ごかん	五感	The Five Senses	vocabulary	noun
どうかん	同感	Sympathy	vocabulary	noun, する verb
はじめに	初めに	Beginning	vocabulary	expression
はじめて	初めて	For The First Time	vocabulary	adverb, の adjective
てつだう	手伝う	To Help	vocabulary	transitive verb, godan verb
はなれる	放れる	To Be Released	vocabulary	intransitive verb, ichidan verb
かんじ	感じ	Feeling	vocabulary	noun
かんじる	感じる	To Feel	vocabulary	ichidan verb
かんどうする	感動する	To Be Emotionally Moved	vocabulary	する verb
かんしん	感心	Admiration	vocabulary	noun, する verb, な adjective
かんそう	感想	Impressions	vocabulary	noun, する verb
かんしゃ	感謝	Thanks	vocabulary	noun, する verb, な adjective
りょうきん	料金	Fee	vocabulary	noun
うつる	映る	To Be Reflected	vocabulary	intransitive verb, godan verb
えいが	映画	Movie	vocabulary	noun, の adjective
もくひょう	目標	Goal	vocabulary	noun
ころす	殺す	To Kill	vocabulary	transitive verb, godan verb
じょうねつ	情熱	Passion	vocabulary	noun, な adjective
ねつ	熱	Fever	vocabulary	noun
ねっしん	熱心	Enthusiasm	vocabulary	noun, な adjective
れんしゅう	練習	Practice	vocabulary	noun, する verb
かちょう	課長	Section Manager	vocabulary	noun, suffix
わ	輪	Ring	vocabulary	noun
えらぶ	選ぶ	To Choose	vocabulary	transitive verb, godan verb
せんしゅ	選手	Pro Athlete	vocabulary	noun
ぎんいろ	銀色	Silver	vocabulary	noun, の adjective
ぎんこう	銀行	Bank	vocabulary	noun, の adjective
かがみ	鏡	Mirror	vocabulary	noun
ほうだい	〜放題	As Much As You Want	vocabulary	suffix
わだい	話題	Topic	vocabulary	noun, の adjective
おねがいします	お願いします	Please Help Me	vocabulary	expression
しんがん	心願	Heartfelt Desire	vocabulary	noun
ようし	養子	Adopted Child	vocabulary	noun
りょかん	旅館	Japanese Inn	vocabulary	noun
ほんかん	本館	Main Building	vocabulary	noun
えき	駅	Station	vocabulary	noun, suffix
えきまえ	駅前	Front Of Station	vocabulary	noun
えきいん	駅員	Train Station Employee	vocabulary	noun
せいり	整理	Arrangement	vocabulary	noun, する verb
やど	宿	Lodging	vocabulary	noun
わかれる	別れる	To Separate	vocabulary	intransitive verb, ichidan verb
きょうゆうする	共有する	To Share	vocabulary	する verb
ひょうじょう	表情	Facial Expression	vocabulary	noun
なかゆび	中指	Middle Finger	vocabulary	noun
めがみ	女神	Goddess	vocabulary	noun
がくもん	学問	Schooling	vocabulary	noun, する verb
おうさま	王様	King	vocabulary	noun
おやゆび	親指	Thumb	vocabulary	noun
かみさま	神様	God	vocabulary	noun, proper noun
ゆびさき	指先	Fingertip	vocabulary	noun, の adjective
とくせん	特選	Special Selection	vocabulary	noun, する verb, の adjective
なかよし	仲良し	Good Friend	vocabulary	noun, な adjective, の adjective
なかよく	仲良く	Friendly	vocabulary	adverb
さけずき	酒好き	Drinker	vocabulary	noun, な adjective
いちおく	一億	One Hundred Million	vocabulary	numeral
いちおくえん	一億円	One Hundred Million Yen	vocabulary	noun
ぎもん	疑問	Doubt	vocabulary	noun
がっき	楽器	Musical Instrument	vocabulary	noun, の adjective
しょっき	食器	Tableware	vocabulary	noun
りきし	力士	Sumo Wrestler	vocabulary	noun
しんじゅく	新宿	Shinjuku	vocabulary	proper noun
のみかい	飲み会	Drinking Party	vocabulary	noun
みかえる	見返る	To Look Back At	vocabulary	intransitive verb, transitive verb, godan verb
かみかぜ	神風	Kamikaze	vocabulary	noun
ひだりきき	左利き	Left Handed	vocabulary	noun, の adjective
たいいく	体育	PE Class	vocabulary	noun
みぎきき	右利き	Right Handed	vocabulary	noun, の adjective
そだてる	育てる	To Bring Up	vocabulary	transitive verb, ichidan verb
おいつく	追い付く	To Catch Up With	vocabulary	intransitive verb, godan verb
ちゅうもんする	注文する	To Order	vocabulary	する verb
だいすき	大好き	Really Like	vocabulary	noun, な adjective
にゅうかんりょう	入館料	Admission Fee	vocabulary	noun
あんさつ	暗殺	Assassination	vocabulary	noun, する verb
あんき	暗記	Memorization	vocabulary	noun, する verb
さま	〜様	Formal Name Ender	vocabulary	noun, suffix
さまざま	様々	Various	vocabulary	noun, な adjective
みなさま	皆様	Everyone	vocabulary	noun
はし	橋	Bridge	vocabulary	noun
さつじん	殺人	Murder	vocabulary	noun, の adjective
じさつ	自殺	Suicide	vocabulary	noun, する verb
ぜんぜん	全然	Entirely	vocabulary	adverb
とうぜん	当然	Natural	vocabulary	な adjective, の adjective
しぜん	自然	Nature	vocabulary	noun, な adjective
あつい	熱い	Hot Thing	vocabulary	い adjective
みなさん	皆さん	Everyone	vocabulary	noun
ふくしま	福島	Fukushima	vocabulary	proper noun
みどり	緑	Green	vocabulary	noun
みどりいろ	緑色	Green	vocabulary	noun, な adjective, の adjective
し	詩	Poem	vocabulary	noun
しじん	詩人	Poet	vocabulary	noun
しいか	詩歌	Poetry	vocabulary	noun, の adjective
しゃりん	車輪	Tire	vocabulary	noun
すいぎん	水銀	Mercury	vocabulary	noun, の adjective
ぎん	銀	Silver	vocabulary	noun, の adjective
ばあい	場合	Case	vocabulary	noun
またせる	待たせる	To Make Someone Wait	vocabulary	ichidan verb
きもの	着物	Kimono	vocabulary	noun
したぎ	下着	Underwear	vocabulary	noun
みずぎ	水着	Swimsuit	vocabulary	noun
まにあう	間に合う	To Be In Time For	vocabulary	godan verb
しりあい	知り合い	Acquaintance	vocabulary	noun
まちぼうけ	待ちぼうけ	Stood Up	vocabulary	noun
けしごむ	消しゴム	Eraser	vocabulary	noun
わるぎ	悪気	Evil Intent	vocabulary	noun
やまのぼり	山登り	Mountain Climbing	vocabulary	noun, する verb
りゅうこうご	流行語	Popular Phrase	vocabulary	noun
りゅうこうか	流行歌	Popular Song	vocabulary	noun
れいがい	例外	Exception	vocabulary	noun, の adjective
いちれい	一例	Instance	vocabulary	noun
たとえば	例えば	For Example	vocabulary	adverb
れいぶん	例文	Example Sentence	vocabulary	noun
あくれい	悪例	Bad Example	vocabulary	noun
きょうかい	協会	Union	vocabulary	noun
きょうりょく	協力	Cooperation	vocabulary	noun, する verb, の adjective
まいる	参る	To Come	vocabulary	intransitive verb, godan verb
いっしゅう	一周	One Time Around	vocabulary	noun, する verb
しゅうねん	周年	Anniversary	vocabulary	noun, suffix
かたい	固い	Hard	vocabulary	い adjective
しき	四季	The Four Seasons	vocabulary	noun
かんりょう	完了	Completion	vocabulary	noun, する verb, の adjective
かんぜん	完全	Complete	vocabulary	noun, な adjective, の adjective
かんせい	完成	Completion	vocabulary	noun, する verb
りょうり	料理	Cooking	vocabulary	noun, する verb
おちつく	落ち着く	To Calm Down	vocabulary	intransitive verb, godan verb
しょうかする	消化する	To Digest	vocabulary	する verb
きえる	消える	To Disappear	vocabulary	intransitive verb, ichidan verb
きもちわるい	気持ち悪い	Bad Feeling	vocabulary	い adjective
ながれる	流れる	To Stream	vocabulary	intransitive verb, ichidan verb
うごかす	動かす	To Move Something	vocabulary	transitive verb, godan verb
つける	着ける	To Put On	vocabulary	transitive verb, ichidan verb
べんきょうする	勉強する	To Study	vocabulary	する verb
りょこうする	旅行する	To Travel	vocabulary	する verb
あたためる	温める	To Warm Up	vocabulary	transitive verb, ichidan verb
おこす	起こす	To Wake Someone Up	vocabulary	transitive verb, godan verb
りょこうしゃ	旅行者	Traveler	vocabulary	noun
わるくち	悪口	Verbal Abuse	vocabulary	noun
りょうこう	良好	Good	vocabulary	noun, な adjective
じどう	自動	Automatic	vocabulary	noun, の adjective
そつぎょう	卒業	Graduation	vocabulary	noun, する verb, の adjective
しょうかふりょう	消化不良	Indigestion	vocabulary	noun, の adjective
きたいする	期待する	To Expect	vocabulary	する verb
かいてんずし	回転ずし	Rotating Sushi	vocabulary	noun
かいてんする	回転する	To Rotate	vocabulary	する verb
しあい	試合	Game	vocabulary	noun, する verb
あわせる	合わせる	To Join Together	vocabulary	transitive verb, ichidan verb
うごき	動き	Movement	vocabulary	noun
まわり	周り	Circumference	vocabulary	noun, suffix
ふかさ	深さ	Depth	vocabulary	noun
しゅうき	周期	Cycle	vocabulary	noun
まちあい	待合	Waiting Room	vocabulary	noun, する verb
ことばつき	言葉つき	Speech	vocabulary	noun
ぐあい	具合	Condition	vocabulary	noun
いじわる	意地悪	Malicious	vocabulary	noun, な adjective
あいず	合図	Signal	vocabulary	noun, する verb
ぶんかさい	文化祭	School Festival	vocabulary	noun
うんどうかい	運動会	Sports Day	vocabulary	noun
にんじん	人参	Carrot	vocabulary	noun
しゅうい	周囲	Perimeter	vocabulary	noun, の adjective
かこむ	囲む	To Surround	vocabulary	transitive verb, godan verb
ふんいき	雰囲気	Atmosphere	vocabulary	noun
がんこ	頑固	Stubborn	vocabulary	noun, な adjective
きほん	基本	Foundation	vocabulary	noun, の adjective
ねんがん	念願	Heart's Desire	vocabulary	noun, する verb, の adjective
ざんねん	残念	Too Bad	vocabulary	noun, な adjective
じょせい	女性	Female	vocabulary	noun, の adjective
せいびょう	性病	Sexually Transmitted Disease	vocabulary	noun, の adjective
だんせい	男性	Male	vocabulary	noun, の adjective
わざ	技	Technique	vocabulary	noun
ぎのう	技能	Skill	vocabulary	noun
とくぎ	特技	Specialty	vocabulary	noun
おる	折る	To Fold	vocabulary	transitive verb, godan verb
せっかく	折角	With Trouble	vocabulary	adverb, noun
こっせつ	骨折	Broken Bone	vocabulary	noun, する verb
しつぼう	失望	Disappointment	vocabulary	noun, する verb
のぞみ	望み	Wish	vocabulary	noun
のぞむ	望む	To Wish	vocabulary	transitive verb, godan verb
がんぼう	願望	Desire	vocabulary	noun, する verb, の adjective
もくざい	木材	Wood	vocabulary	noun
ざいりょう	材料	Ingredients	vocabulary	noun
ざいもく	材木	Lumber	vocabulary	noun
たば	束	Bundle	vocabulary	counter, noun, suffix
やくそく	約束	Promise	vocabulary	noun, する verb
まつ	松	Pine	vocabulary	noun
まつば	松葉	Pine Needle	vocabulary	noun
じんかく	人格	Character	vocabulary	noun
ごうかくする	合格する	To Pass A Test	vocabulary	する verb
せいかく	性格	Personality	vocabulary	noun
かっこう	格好	Shape	vocabulary	noun, の adjective
こっかく	骨格	Skeleton	vocabulary	noun, の adjective
のこり	残り	Remainder	vocabulary	noun, の adjective
のこる	残る	To Remain Behind	vocabulary	intransitive verb, godan verb
ざんぎょう	残業	Overtime	vocabulary	noun, する verb
てき	〜的	Al	vocabulary	suffix, な adjective
にほんてき	日本的	Very Japanese	vocabulary	な adjective
もくてき	目的	Purpose	vocabulary	noun
よやく	予約	Reservation	vocabulary	noun, する verb, の adjective
やく	約	About	vocabulary	adverb
さいのう	才能	Talent	vocabulary	noun
のうりょく	能力	Ability	vocabulary	noun
げいのうかい	芸能界	Showbusiness	vocabulary	noun
げいにん	芸人	Comedian	vocabulary	noun
げいしゃ	芸者	Geisha	vocabulary	noun
げいじゅつ	芸術	Art	vocabulary	noun
びじゅつ	美術	Fine Art	vocabulary	noun, の adjective
ほね	骨	Bone	vocabulary	noun
きぼう	希望	Hope	vocabulary	noun, する verb
だきょう	妥協	Compromise	vocabulary	noun, する verb
せい	性	Gender	vocabulary	noun, suffix
りせい	理性	Reason	vocabulary	noun
いとてき	意図的	Intentional	vocabulary	な adjective
きんだいてき	近代的	Contemporary 	vocabulary	な adjective
ほんのう	本能	Instinct	vocabulary	noun, の adjective
このむ	好む	To Be Fond Of	vocabulary	transitive verb, godan verb
えいがかん	映画館	Movie Theater	vocabulary	noun
ほとけ	仏	Buddha	vocabulary	noun
ぶっきょう	仏教	Buddhism	vocabulary	noun
だいぶつ	大仏	Giant Buddha Statue	vocabulary	noun
しんじる	信じる	To Believe	vocabulary	transitive verb, ichidan verb
じしん	自信	Confidence	vocabulary	noun, する verb
しんごう	信号	Traffic Light	vocabulary	noun, する verb
しんじん	信心	Faith	vocabulary	noun, する verb, の adjective
しんよう	信用	Trust	vocabulary	noun, する verb
ふしん	不信	Distrust	vocabulary	noun, の adjective
へんしん	返信	Reply	vocabulary	noun, する verb
ゆうき	勇気	Courage	vocabulary	noun
く	区	District	vocabulary	noun
くぶん	区分	Division	vocabulary	noun, する verb, の adjective
ちく	地区	District	vocabulary	noun, の adjective
たんに	単に	Simply	vocabulary	adverb
たんご	単語	Word	vocabulary	noun, の adjective
じょうし	上司	Boss	vocabulary	noun
さか	坂	Slope	vocabulary	noun
へん	変	Strange	vocabulary	noun, な adjective
へんじん	変人	An Eccentric	vocabulary	noun
へんか	変化	Change	vocabulary	noun, する verb
へんし	変死	Unnatural Death	vocabulary	noun, する verb
たいへん	大変	Serious	vocabulary	adverb, な adjective
じへん	事変	Incident	vocabulary	noun
おっと	夫	Husband	vocabulary	noun
いわ	岩	Boulder	vocabulary	noun
かえる	帰る	To Return Home	vocabulary	intransitive verb, godan verb
たてる	建てる	To Build	vocabulary	transitive verb, ichidan verb
けんちく	建築	Architecture	vocabulary	noun, する verb
しき	式	Ceremony	vocabulary	noun, suffix
はる	春	Spring	vocabulary	noun
はるやすみ	春休み	Spring Break	vocabulary	noun
さっこん	昨今	These Days	vocabulary	noun
きのう	昨日	Yesterday	vocabulary	noun
ひる	昼	Noon	vocabulary	noun
ばん	晩	Night	vocabulary	noun
こんばんは	今晩は	Good Evening	vocabulary	expression
まいばん	毎晩	Every Night	vocabulary	noun
はれる	晴れる	To Clear Up	vocabulary	intransitive verb, ichidan verb
どく	毒	Poison	vocabulary	noun
ちゅうどく	中毒	Poisoning	vocabulary	noun, する verb, の adjective
ゆうどく	有毒	Poisonous	vocabulary	noun, な adjective, の adjective
しょくちゅうどく	食中毒	Food Poisoning	vocabulary	noun
どくがす	毒ガス	Poison Gas	vocabulary	noun
ほうほう	方法	Method	vocabulary	noun
ぶんぽう	文法	Grammar	vocabulary	noun, の adjective
ふほう	不法	Illegal	vocabulary	noun, な adjective, の adjective
なく	泣く	To Cry	vocabulary	godan verb
あさい	浅い	Shallow	vocabulary	い adjective
ねこ	猫	Cat	vocabulary	noun
こねこ	子猫	Kitten	vocabulary	noun
あき	秋	Autumn	vocabulary	noun
しんちく	新築	Newly Built	vocabulary	noun, する verb, の adjective
せいき	世紀	Century	vocabulary	noun
きげんご	紀元後	AD	vocabulary	noun
えいご	英語	English Language	vocabulary	noun, の adjective
えいかいわ	英会話	English Conversation	vocabulary	noun
えいぶん	英文	English Writing	vocabulary	noun
えいこく	英国	Britain	vocabulary	noun
えいわ	英和	English Japanese	vocabulary	noun
とけい	時計	Watch	vocabulary	noun
ごうけい	合計	Total	vocabulary	noun, する verb
けいかく	計画	Plan	vocabulary	noun, する verb
けいさん	計算	Calculation	vocabulary	noun, する verb
ぐんじん	軍人	Soldier	vocabulary	noun
かいぐん	海軍	Navy	vocabulary	noun, の adjective
めし	飯	Meal	vocabulary	noun
ごはん	ご飯	Meal	vocabulary	noun
ぶきよう	不器用	Clumsy	vocabulary	noun, な adjective
おねがい	お願い	A Request	vocabulary	noun, する verb
のみほうだい	飲み放題	All You Can Drink	vocabulary	expression, の adjective
たべほうだい	食べ放題	All You Can Eat	vocabulary	expression, の adjective
ひとごろし	人殺し	Murder	vocabulary	noun
さつじんしゃ	殺人者	Murderer	vocabulary	noun
ゆびわ	指輪	Ring	vocabulary	noun
わごむ	輪ゴム	Rubber Band	vocabulary	noun
せいりする	整理する	To Arrange	vocabulary	する verb
あんきする	暗記する	To Memorize	vocabulary	する verb
れんしゅうする	練習する	To Practice	vocabulary	する verb
うつす	映す	To Project	vocabulary	transitive verb, godan verb
へんじ	変事	Strange Incident	vocabulary	noun
どうきちゅう	同期中	Syncing	vocabulary	noun
てら	寺	Temple	vocabulary	noun
おいしい	美味しい	Tasty	vocabulary	い adjective
かえる	変える	To Change	vocabulary	transitive verb, ichidan verb
じょうぶ	丈夫	Sturdy	vocabulary	な adjective
たけ	丈	Height	vocabulary	noun
がんじょう	頑丈	Solid	vocabulary	noun, な adjective
みかえす	見返す	To Look Back At	vocabulary	transitive verb, godan verb
ぐん	軍	Army	vocabulary	noun, suffix
れつ	列	Line	vocabulary	noun
つて	伝	Intermediary	vocabulary	noun
なさけない	情けない	Miserable	vocabulary	い adjective
はなつ	放つ	To Fire	vocabulary	transitive verb, godan verb
ととのえる	整える	To Arrange	vocabulary	transitive verb, ichidan verb
ひるやすみ	昼休み	Lunch Break	vocabulary	noun
はれ	晴れ	Clear Weather	vocabulary	noun, の adjective
さくねん	昨年	Last Year	vocabulary	noun