たいした	大した	Great	vocabulary	たいした, 大: たい: on	adjective
やっつ	八つ	Eight Things	vocabulary	やっつ, 八: やっ: kun	numeral
さげる	下げる	To Lower	vocabulary	さげる, 下: さ: kun	transitive verb, ichidan verb
おおきさ	大きさ	Size	vocabulary	おおきさ, 大: おお: kun	noun
おとな	大人	Adult	vocabulary	おとな: exception	noun, な adjective, の adjective
かわ	川	River	vocabulary	かわ, 川: かわ: kun	noun
じんこう	人工	Artificial	vocabulary	じんこう, 人: じん: on, 工: こう: on	noun, の adjective
ひとり	一人	Alone	vocabulary	ひとり, 一: ひと: kun, 人: り: kun	noun
ちから	力	Power	vocabulary	ちから, 力: ちから: kun	noun
あげる	上げる	To Raise	vocabulary	あげる, 上: あ: kun	transitive verb, ichidan verb
のぼる	上る	To Climb	vocabulary	のぼる, 上: のぼ: kun	intransitive verb, godan verb
ください	下さい	Please Give Me	vocabulary	ください, 下: くだ: kun	expression
おんな	女	Woman	vocabulary	おんな, 女: おんな: kun	noun
じんこう	人口	Population	vocabulary	じんこう, 人: じん: on, 口: こう: on	noun
いち	一	One	vocabulary	いち, 一: いち: on	numeral
ひとつ	一つ	One Thing	vocabulary	ひとつ, 一: ひと: kun	numeral
なな	七	Seven	vocabulary	なな, 七: なな: kun, &emsp;しち, 七: しち: on	numeral
ななつ	七つ	Seven Things	vocabulary	ななつ, 七: なな: kun	numeral
きゅう	九	Nine	vocabulary	きゅう, 九: きゅう: on, &emsp;く, 九: く: on	numeral
ここのつ	九つ	Nine Things	vocabulary	ここのつ, 九: ここの: kun	numeral
に	二	Two	vocabulary	に, 二: に: on	numeral
ふたつ	二つ	Two Things	vocabulary	ふたつ, 二: ふた: kun	numeral
ひと	人	Person	vocabulary	ひと, 人: ひと: kun	noun
ふたり	二人	Two People	vocabulary	ふたり, 二: ふた: kun, 人: り: kun	noun
はいる	入る	To Enter	vocabulary	はいる, 入: はい: kun	intransitive verb, godan verb
いれる	入れる	To Insert	vocabulary	いれる, 入: い: kun	transitive verb, ichidan verb
はち	八	Eight	vocabulary	はち, 八: はち: on	numeral
じゅう	十	Ten	vocabulary	じゅう, 十: じゅう: on	numeral
さん	三	Three	vocabulary	さん, 三: さん: on	numeral
みっつ	三つ	Three Things	vocabulary	みっつ, 三: みっ: kun	numeral
さんにん	三人	Three People	vocabulary	さんにん, 三: さん: on, 人: にん: on	noun
うえ	上	Up	vocabulary	うえ, 上: うえ: kun	noun, suffix
あがる	上がる	To Rise	vocabulary	あがる, 上: あ: kun	intransitive verb, godan verb
した	下	Down	vocabulary	した, 下: した: kun	noun
さがる	下がる	To Get Lower	vocabulary	さがる, 下: さ: kun	intransitive verb, godan verb
くち	口	Mouth	vocabulary	くち, 口: く: on	noun
いりぐち	入り口	Entrance	vocabulary	いりぐち, 入: い: kun, 口: ぐ: on	noun
おおきい	大きい	Big	vocabulary	おおきい, 大: おお: kun	い adjective
やま	山	Mountain	vocabulary	やま, 山: やま: kun	noun
ふじさん	ふじ山	Mt Fuji	vocabulary	ふじさん, 山: さん: on	proper noun
つち	土	Soil	vocabulary	つち, 土: つち: kun	noun
ちいさい	小さい	Small	vocabulary	ちいさい, 小: ちい: kun	い adjective
さい	〜才	Years Old	vocabulary	さい, 才: さい: on	suffix
むっつ	六つ	Six Things	vocabulary	むっつ, 六: むっ: kun	numeral
てんさい	天才	Genius	vocabulary	てんさい, 天: てん: on, 才: さい: on	noun
ぶん	文	Writing	vocabulary	ぶん, 文: ぶん: on	noun
みず	水	Water	vocabulary	みず, 水: みず: kun	noun
おうじょ	王女	Princess	vocabulary	おうじょ, 王: おう: on, 女: じょ: on	noun, suffix
でる	出る	To Exit	vocabulary	でる, 出: で: kun	intransitive verb, ichidan verb
しがつ	四月	April	vocabulary	しがつ, 四: し: on, 月: がつ: on	noun
ただす	正す	To Correct	vocabulary	ただす, 正: ただ: kun	transitive verb, godan verb
たまねぎ	玉ねぎ	Onion	vocabulary	たまねぎ, 玉: たま: kun	noun
た	田	Rice Field	vocabulary	た, 田: た: kun	noun
はくじん	白人	Caucasian	vocabulary	はくじん, 白: はく: on, 人: じん: on	noun, の adjective
たてる	立てる	To Stand Something Up	vocabulary	たてる, 立: た: kun	transitive verb, ichidan verb
すいちゅう	水中	Underwater	vocabulary	すいちゅう, 水: すい: on, 中: ちゅう: on	noun, の adjective
いっせん	一千	One Thousand	vocabulary	いっせん, 一: いっ: on, 千: せん: on	numeral
ゆうべ	夕べ	Evening	vocabulary	ゆうべ, 夕: ゆう: kun	noun
じょし	女子	Girl	vocabulary	じょし, 女: じょ: on, 子: し: on	noun
また	又	Again	vocabulary	また, 又: また: kun	adverb, prefix
なかなか	中々	Very	vocabulary	なかなか, 中: なか: kun	adverb
いつか	五日	Fifth Day	vocabulary	いつか, 五: いつ: kun, 日: か: kun	noun
てん	天	Heaven	vocabulary	てん, 天: てん: on	noun
へた	下手	Unskillful	vocabulary	へた: exception	noun, な adjective
ひ	日	Sun	vocabulary	ひ, 日: ひ: kun	noun
ひ	火	Fire	vocabulary	ひ, 火: ひ: kun	noun
かざん	火山	Volcano	vocabulary	かざん, 火: か: on, 山: ざん: on	noun
おうじ	王子	Prince	vocabulary	おうじ, 王: おう: on, 子: じ: on	noun, suffix
じょおう	女王	Queen	vocabulary	じょおう, 女: じょ: on, 王: おう: on	noun, suffix
ほん	本	Book	vocabulary	ほん, 本: ほん: on	noun
ただしい	正しい	Correct	vocabulary	ただしい, 正: ただ: kun	い adjective
ひとびと	人々	People	vocabulary	ひとびと, 人: ひと: kun	noun, の adjective
ようか	八日	Eighth Day	vocabulary	ようか, 八: よう: kun, 日: か: kun	noun
とおか	十日	Tenth Day	vocabulary	とおか, 十: とお: kun, 日: か: kun	noun
かたな	刀	Sword	vocabulary	かたな, 刀: かたな: kun	noun
せん	千	Thousand	vocabulary	せん, 千: せん: on	numeral
おんなのこ	女の子	Girl	vocabulary	おんなのこ, 女: おんな: kun, 子: こ: kun	noun
こ	子	Kid	vocabulary	こ, 子: こ: kun	noun, suffix
まる	丸	Circle	vocabulary	まる, 丸: まる: kun	noun
まるい	丸い	Circular	vocabulary	まるい, 丸: まる: kun	い adjective
なか	中	Inside	vocabulary	なか, 中: なか: kun	noun
ごがつ	五月	May	vocabulary	ごがつ, 五: ご: on, 月: がつ: on	noun
ごじゅう	五十	Fifty	vocabulary	ごじゅう, 五: ご: on, 十: じゅう: on	numeral
いつつ	五つ	Five Things	vocabulary	いつつ, 五: いつ: kun	numeral
ご	五	Five	vocabulary	ご, 五: ご: on	numeral
ろくがつ	六月	June	vocabulary	ろくがつ, 六: ろく: on, 月: がつ: on	noun
むいか	六日	Sixth Day	vocabulary	むいか,  六: むい: kun, 日: か: kun	noun
じゅうろく	十六	Sixteen	vocabulary	じゅうろく, 十: じゅう: on, 六: ろく: on	numeral
ろく	六	Six	vocabulary	ろく, 六: ろく: on	numeral
えん	〜円	Money	vocabulary	えん, 円: えん: on	noun, suffix
せんえん	千円	One Thousand Yen	vocabulary	せんえん, 千: せん: on, 円: えん: on	noun
まるい	円い	Round	vocabulary	まるい, 円: まる: kun	い adjective
て	手	Hand	vocabulary	て, 手: て: kun	noun
じょうず	上手	Good At	vocabulary	じょうず, 上: じょう: on, 手: ず: on	noun, な adjective
つき	月	Moon	vocabulary	つき, 月: つき: kun	noun
じゅうがつ	十月	October	vocabulary	じゅうがつ, 十: じゅう: on, 月: がつ: on	noun
いちがつ	一月	January	vocabulary	いちがつ, 一: いち: on, 月: がつ: on	noun
にがつ	二月	February	vocabulary	にがつ, 二: に: on, 月: がつ: on	noun
き	木	Tree	vocabulary	き, 木: き: kun	noun
いぬ	犬	Dog	vocabulary	いぬ, 犬: いぬ: kun	noun
こいぬ	子犬	Puppy	vocabulary	こいぬ, 子: こ: kun, 犬: いぬ: kun	noun
おう	王	King	vocabulary	おう, 王: おう: on	noun, suffix
だす	出す	To Take Out	vocabulary	だす, 出: だ: kun	transitive verb, godan verb
でぐち	出口	Exit	vocabulary	でぐち, 出: で: kun, 口: ぐ: on	noun
みぎ	右	Right Direction	vocabulary	みぎ, 右: みぎ: kun	noun
よん	四	Four	vocabulary	よん, 四: よん: kun, &emsp;し, 四: し: on	numeral
ひだり	左	Left Direction	vocabulary	ひだり, 左: ひだり: kun	noun, の adjective
にほん	日本	Japan	vocabulary	にほん, に: on, 本: ほん: on, &emsp;にっぽん, にっ: on, 本: ぽん: on	proper noun
たま	玉	Ball	vocabulary	たま, 玉: たま: kun	noun
しろ	白	White	vocabulary	しろ, 白: しろ: kun	noun
め	目	Eye	vocabulary	め, 目: め: kun	noun
めだま	目玉	Eyeball	vocabulary	めだま, 目: め: kun, 玉: だま: kun	noun
たつ	立つ	To Stand	vocabulary	たつ, 立: た: kun	intransitive verb, godan verb
ふつか	二日	Second Day	vocabulary	ふつか, exception	noun
いちにち	一日	One Day	vocabulary	いちにち, 一: いち: on, 日: にち: on, &emsp;ついたち : exception	noun
なのか	七日	Seventh Day	vocabulary	なのか, 七: なの: kun, 日: か: kun	noun
みっか	三日	Third Day	vocabulary	みっか, 三: みっ: kun, 日: か: kun	noun
ここのか	九日	Ninth Day	vocabulary	ここのか, 九: ここの: kun, 日: か: kun	noun
さゆう	左右	Left And Right	vocabulary	さゆう, 左: さ: on, 右: ゆう: on	noun, する verb
にゅうりょく	入力	Input	vocabulary	にゅうりょく, 入: にゅう: on, 力: りょく: on	noun, する verb
うむ	生む	To Give Birth	vocabulary	うむ, 生: う: kun	transitive verb, godan verb
なま	生	Fresh	vocabulary	なま, 生: なま: kun	noun, prefix, の adjective
ちゅうし	中止	Suspension	vocabulary	ちゅうし, 中: ちゅう: on, 止: し: on	noun, する verb
ふるい	古い	Old	vocabulary	ふるい, 古: ふる: kun	い adjective
びーだま	ビー玉	Marble	vocabulary	びーだま, 玉: だま: kun, &emsp;ビーだま, 玉: だま: kun	noun
ふとい	太い	Fat	vocabulary	ふとい, 太: ふと: kun	い adjective
け	毛	Fur	vocabulary	け, 毛: け: kun	noun
じんせい	人生	One's Life	vocabulary	じんせい, 人: じん: on, 生: せい: on	noun
よう	用	Task	vocabulary	よう, 用: よう: on	noun, suffix
いきる	生きる	To Live	vocabulary	いきる, 生: い: kun	intransitive verb, ichidan verb
じゅうまん	十万	One Hundred Thousand	vocabulary	じゅうまん, 十: じゅう: on, 万: まん: on	numeral
きょう	今日	Today	vocabulary	きょう: exception	noun
もと	元	Origin	vocabulary	もと, 元: もと: kun	noun, prefix
はんぶん	半分	Half	vocabulary	はんぶん, 半: はん: on, 分: ぶん: on	noun
わける	分ける	To Separate	vocabulary	わける, 分: わ: kun	transitive verb, ichidan verb
きれる	切れる	To Be Cut	vocabulary	きれる, 切: き: kun	intransitive verb, ichidan verb
たいせつ	大切	Important	vocabulary	たいせつ, 大: たい: on, 切: せつ: on	noun, な adjective
きる	切る	To Cut	vocabulary	きる, 切: き: kun	transitive verb, godan verb
すくない	少ない	A Few	vocabulary	すくない, 少: すく: kun	い adjective
とめる	止める	To Stop Something	vocabulary	とめる, 止: と: kun	transitive verb, ichidan verb
おとうさん	お父さん	Father	vocabulary	おとうさん, 父: とう: kun	noun
じゅうだい	十台	Ten Machines	vocabulary	じゅうだい, 十: じゅう: on, 台: だい: on	noun
はずれ	外れ	Extremity	vocabulary	はずれ, 外: はず: kun	noun, suffix
はずれる	外れる	To Be Disconnected	vocabulary	はずれる, 外: はず: kun	intransitive verb, ichidan verb
もちいる	用いる	To Utilize	vocabulary	もちいる, 用: もち: kun	transitive verb, ichidan verb
こうよう	公用	Government Business	vocabulary	こうよう, 公: こう: on, 用: よう: on	noun
や	矢	Arrow	vocabulary	や, 矢: や: kun	noun
いぎりすじん	イギリス人	British Person	vocabulary	いぎりすじん, 人: じん: on, &emsp;イギリスじん, 人: じん: on	noun
にん	〜人	Number Of People	vocabulary	にん, 人: にん: on	counter
しょうじょ	少女	Girl	vocabulary	しょうじょ, 少: しょう: on, 女: じょ: on, &emsp;おとめ: exception	noun
おとなしい	大人しい	Obedient	vocabulary	おとなしい: exception	い adjective
と	戸	Japanese Style Door	vocabulary	と, 戸: と: kun	noun
あめりかじん	アメリカ人	American	vocabulary	あめりかじん, 人: じん: on, &emsp;アメリカじん, 人: じん: on	noun
ふらんすじん	フランス人	Frenchman	vocabulary	ふらんすじん, 人: じん: on, &emsp;フランスじん, 人: じん: on	noun
うまれる	生まれる	To Be Born	vocabulary	うまれる, 生: う: kun	intransitive verb, ichidan verb
いちまん	一万	Ten Thousand	vocabulary	いちまん, 一: いち: on, 万: まん: on	numeral
にまん	二万	Twenty Thousand	vocabulary	にまん, 二: に: on, 万: まん: on	numeral
いま	今	Now	vocabulary	いま, 今: いま: kun	noun
こんげつ	今月	This Month	vocabulary	こんげつ, 今: こん: on, 月: げつ: on	noun
わかる	分かる	To Understand	vocabulary	わかる, 分: わ: kun	intransitive verb, godan verb
ふん	分	Minute	vocabulary	ふん, 分: ふん: on, &emsp;ぶん, 分: ぶん: on	noun, prefix, suffix
ゆうじん	友人	Friend	vocabulary	ゆうじん, 友: ゆう: on, 人: じん: on	noun
ふとる	太る	To Get Fat	vocabulary	ふとる, 太: ふと: kun	intransitive verb, godan verb
すこし	少し	A Little	vocabulary	すこし, 少: すこ: kun	adverb, noun
ひく	引く	To Pull	vocabulary	ひく, 引: ひ: kun	intransitive verb, transitive verb, godan verb
こころ	心	Heart	vocabulary	こころ, 心: こころ: kun	noun
とぐち	戸口	Doorway	vocabulary	とぐち, 戸: と: kun, 口: ぐ: on	noun
かた	方	Way	vocabulary	かた, 方: かた: kun, &emsp;ほう, 方: ほう: on	noun
とまる	止まる	To Stop	vocabulary	とまる, 止: と: kun	intransitive verb, godan verb
ちち	父	Father	vocabulary	ちち, 父: ちち: kun	noun
うし	牛	Cow	vocabulary	うし, 牛: うし: kun	noun
ふゆ	冬	Winter	vocabulary	ふゆ, 冬: ふゆ: kun	noun
きた	北	North	vocabulary	きた, 北: きた: kun	noun
はん	半	Half	vocabulary	はん, 半: はん: on	noun, prefix
ちゅうこ	中古	Secondhand	vocabulary	ちゅうこ, 中: ちゅう: on, 古: こ: on	noun, の adjective
いちだい	一台	One Machine	vocabulary	いちだい, 一: いち: on, 台: だい: on	noun
にだい	二台	Two Machines	vocabulary	にだい, 二: に: on, 台: だい: on	noun
ごだい	五台	Five Machines	vocabulary	ごだい, 五: ご: on, 台: だい: on	noun
そと	外	Outside	vocabulary	そと, 外: そと: kun	noun
がいじん	外人	Foreigner	vocabulary	がいじん, 外: がい: on, 人: じん: on	noun
し	市	City	vocabulary	し, 市: し: on	noun, suffix
しりつ	市立	Municipal	vocabulary	しりつ, 市: し: on, 立: りつ: on	noun, の adjective
しあとるし	シアトル市	Seattle	vocabulary	しあとるし, 市: し: on, &emsp;シアトルし, 市: し: on	proper noun
ひろい	広い	Wide	vocabulary	ひろい, 広: ひろ: kun	い adjective
はは	母	Mother	vocabulary	はは, 母: はは: kun	noun
おかあさん	お母さん	Mother	vocabulary	おかあさん, 母: かあ: kun	noun
うち	内	Inside	vocabulary	うち, 内: うち: kun	noun, の adjective
だい	〜台	Big Machine	vocabulary	だい, 台: だい: on	counter, suffix
まん	万	Ten Thousand	vocabulary	まん, 万: まん: on	numeral
おんなのひと	女の人	Woman	vocabulary	おんなのひと, 女: おんな: kun, 人: ひと: kun	noun
みぎて	右手	Right Hand	vocabulary	みぎて, 右: みぎ: kun, 手: て: kun	noun
たりる	足りる	To Be Enough	vocabulary	たりる, 足: た: kun	intransitive verb, ichidan verb
まず	先ず	First Of All	vocabulary	まず, 先: まず: kun	adverb
せんせい	先生	Teacher	vocabulary	せんせい, 先: せん: on, 生: せい: on	noun
ねんない	年内	Within A Year	vocabulary	ねんない, 年: ねん: on, 内: ない: on	noun
いちだい	一代	Lifetime	vocabulary	いちだい, 一: いち: on, 代: だい: on	noun
こおり	氷	Ice	vocabulary	こおり, 氷: こおり: kun	noun
ねんじゅう	年中	Year Round	vocabulary	ねんじゅう, 年: ねん: on, 中: じゅう: on	adverb, noun
そうそう	早々	As Soon As	vocabulary	そうそう, 早: そう: on, &emsp;はやばや, 早: はや: kun	noun, suffix
みかた	見方	Way Of Seeing	vocabulary	みかた, 見: み: kun, 方: かた: kun	noun
ほか	他	Other	vocabulary	ほか, 他: ほか: kun	noun, の adjective
だいよう	代用	Substitution	vocabulary	だいよう, 代: だい: on, 用: よう: on	noun, する verb, の adjective
うつる	写る	To Be Photographed	vocabulary	うつる, 写: うつ: kun	intransitive verb, godan verb
いちだ	一打	One Strike	vocabulary	いちだ, 一: いち: on, 打: だ: on	noun
はつか	二十日	Twentieth Day	vocabulary	はつか,  二十: はつ: exception, 日: か: kun	noun
よんせん	四千	Four Thousand	vocabulary	よんせん, 四: よん: kun, 千: せん: on	numeral
いし	石	Stone	vocabulary	いし, 石: いし: kun	noun
さき	先	Previous	vocabulary	さき, 先: さき: kun	noun, prefix, suffix, の adjective
せんせんげつ	先々月	Month Before Last	vocabulary	せんせんげつ, 先: せん: on, 月: げつ: on	noun
せんげつ	先月	Last Month	vocabulary	せんげつ, 先: せん: on, 月: げつ: on	noun
せんじつ	先日	The Other Day	vocabulary	せんじつ, 先: せん: on, 日: じつ: on	noun
めいじん	名人	Expert	vocabulary	めいじん, 名: めい: on, 人: じん: on	noun
みょうじ	名字	Surname	vocabulary	みょうじ, 名: みょう: on, 字: じ: on	noun, の adjective
ふとじ	太字	Bold Letter	vocabulary	ふとじ, 太: ふと: kun, 字: じ: on	noun, の adjective
もじ	文字	Letter (Of The Alphabet)	vocabulary	もじ, 文: も: on, 字: じ: on	noun
いちもんじ	一文字	Straight Line	vocabulary	いちもんじ, 一: いち: on, 文: もん: on, 字: じ: on	noun
きょねん	去年	Last Year	vocabulary	きょねん, 去: きょ: on, 年: ねん: on	noun
きぶん	気分	Feeling	vocabulary	きぶん, 気: き: on, 分: ぶん: on	noun
にんき	人気	Popular	vocabulary	にんき, 人: にん: on, 気: き: on	noun, な adjective, の adjective
へいき	平気	Calm	vocabulary	へいき, 平: へい: on, 気: き: on	noun, な adjective
いっぽんぎ	一本気	One Track Mind	vocabulary	いっぽんぎ, 一: いっ: on, 本: ぽん: on, 気: ぎ: on	noun, な adjective
むらびと	村人	Villager	vocabulary	むらびと, 村: むら: kun, 人: びと: kun	noun
みせる	見せる	To Show	vocabulary	みせる, 見: み: kun	transitive verb, ichidan verb
あし	足	Foot	vocabulary	あし, 足: あし: kun	noun
ふそく	不足	Shortage	vocabulary	ふそく, 不: ふ: on, 足: そく: on	noun, する verb, な adjective
よ	世	World	vocabulary	よ, 世: よ: kun	noun
さんせい	三世	Third Generation	vocabulary	さんせい, 三: さん: on, 世: せ: on	noun
おもに	主に	Mainly	vocabulary	おもに, 主: おも: kun	adverb
しゅじん	主人	Head Of Household	vocabulary	しゅじん, 主: しゅ: on, 人: じん: on	noun, の adjective
しかた	仕方	Method	vocabulary	しかた, 仕: し: on, 方: かた: kun	noun
たにん	他人	Another Person	vocabulary	たにん, 他: た: on, 人: にん: on	noun
かわる	代わる	To Replace	vocabulary	かわる, 代: か: kun	intransitive verb, godan verb
ちゅうおう	中央	Center	vocabulary	ちゅうおう, 中: ちゅう: on, 央: おう: on	noun, の adjective
たいら	平ら	Flat	vocabulary	たいら, 平: たい: kun	noun, な adjective
へいじつ	平日	Weekdays	vocabulary	へいじつ, 平: へい: on, 日: じつ: on	noun
かきごおり	かき氷	Shaved Ice	vocabulary	かきごおり, 氷: ごおり: kun	noun
ふせい	不正	Injustice	vocabulary	ふせい, 不: ふ: on, 正: せい: on	noun, な adjective
こうし	子牛	Calf	vocabulary	こうし, 子: こ: kun, 牛: うし: kun	noun
きって	切手	Postage Stamp	vocabulary	きって, 切: きっ: kun, 手: て: kun	noun
ひきわけ	引き分け	Tie	vocabulary	ひきわけ, 引: ひ: kun, 分: わ: kun	noun
な	名	Name	vocabulary	な, 名: な: kun	noun
たから	宝	Treasure	vocabulary	たから, 宝: たから: kun	noun
ほうせき	宝石	Jewel	vocabulary	ほうせき, 宝: ほう: on, 石: せき: on	noun, の adjective
まるごと	丸ごと	In Its Entirety	vocabulary	まるごと, 丸: まる: kun	adverb
たいき	大気	Atmosphere	vocabulary	たいき, 大: たい: on, 気: き: on	noun
よっか	四日	Fourth Day	vocabulary	よっか, 四: よっ: kun, 日: か: kun	noun
よっつ	四つ	Four Things	vocabulary	よっつ, 四: よっ: kun	numeral
よんじゅう	四十	Forty	vocabulary	よんじゅう, 四: よん: kun, 十: じゅう: on	numeral
ひだりて	左手	Left Hand	vocabulary	ひだりて, 左: ひだり: kun, 手: て: kun	noun
やすみ	休み	Rest	vocabulary	やすみ, 休: やす: kun	noun
やすむ	休む	To Rest	vocabulary	やすむ, 休: やす: kun	intransitive verb, godan verb
きゅうし	休止	Pause	vocabulary	きゅうし, 休: きゅう: on, 止: し: on	noun, する verb, の adjective
きゅうじつ	休日	Holiday	vocabulary	きゅうじつ, 休: きゅう: on, 日: じつ: on	noun
じ	字	Character	vocabulary	じ, 字: じ: on	noun
にせんじゅういちねん	２０１１年	Year 2011	vocabulary	にせんじゅういちねん, に: on, せん: on, じゅう: on, いち: on, 年: ねん: on	noun
いちねんせい	一年生	First Year Student	vocabulary	いちねんせい, 一: いち: on, 年: ねん: on, 生: せい: on	noun
しょうねん	少年	Boy	vocabulary	しょうねん, 少: しょう: on, 年: ねん: on	noun
はやい	早い	Early	vocabulary	はやい, 早: はや: kun	い adjective
き	気	Spirit	vocabulary	き, 気: き: on	noun
きにいる	気に入る	To Be Pleased With	vocabulary	きにいる, 気: き: on, 入: い: kun	expression, godan verb
いっき	一気	One Breath	vocabulary	いっき, 一: いっ: on, 気: き: on	adverb
げんき	元気	Energy	vocabulary	げんき, 元: げん: on, 気: き: on	noun, な adjective
てんき	天気	Weather	vocabulary	てんき, 天: てん: on, 気: き: on	noun
ほんき	本気	Serious	vocabulary	ほんき, 本: ほん: on, 気: き: on	noun, な adjective, の adjective
ひゃくまん	百万	Million	vocabulary	ひゃくまん, 百: ひゃく: on, 万: まん: on	numeral
よんひゃく	四百	Four Hundred	vocabulary	よんひゃく, 四: よん: kun, 百: ひゃく: on	numeral
ごひゃく	五百	Five Hundred	vocabulary	ごひゃく, 五: ご: on, 百: ひゃく: on	numeral
にひゃく	二百	Two Hundred	vocabulary	にひゃく, 二: に: on, 百: ひゃく: on	numeral
たけのこ	竹の子	Bamboo Shoots	vocabulary	たけのこ, 竹: たけ: kun, 子: こ: kun	noun
たけ	竹	Bamboo	vocabulary	たけ, 竹: たけ: kun	noun
いと	糸	Thread	vocabulary	いと, 糸: いと: kun	noun
みみ	耳	Ear	vocabulary	みみ, 耳: みみ: kun	noun
むし	虫	Bug	vocabulary	むし, 虫: むし: kun	noun
むら	村	Village	vocabulary	むら, 村: むら: kun	noun
おとこ	男	Man	vocabulary	おとこ, 男: おとこ: kun	noun
まち	町	Town	vocabulary	まち, 町: まち: kun	noun
はな	花	Flower	vocabulary	はな, 花: はな: kun	noun
はなび	花火	Fireworks	vocabulary	はなび, 花: はな: kun, 火: び: kun	noun
はなみ	花見	Viewing Cherry Blossoms	vocabulary	はなみ, 花: はな: kun, 見: み: kun	noun, する verb
みる	見る	To See	vocabulary	みる, 見: み: kun	transitive verb, ichidan verb
みえる	見える	To Be Seen	vocabulary	みえる, 見: み: kun	intransitive verb, ichidan verb
みわける	見分ける	To Distinguish	vocabulary	みわける, 見: み: kun, 分: わ: kun	transitive verb, ichidan verb
つきみ	月見	Moon Viewing	vocabulary	つきみ, 月: つき: kun, 見: み: kun	noun
かい	貝	Shell	vocabulary	かい, 貝: かい: kun	noun
あか	赤	Red	vocabulary	あか, 赤: あか: kun	noun
あかちゃん	赤ちゃん	Baby	vocabulary	あかちゃん, 赤: あか: kun	noun
くるま	車	Car	vocabulary	くるま, 車: くるま: kun	noun
しゃない	車内	Inside The Car	vocabulary	しゃない, 車: しゃ: on, 内: ない: on	noun, の adjective
にせい	二世	Second Generation	vocabulary	にせい, 二: に: on, 世: せ: on	noun
うつす	写す	To Copy	vocabulary	うつす, 写: うつ: kun	transitive verb, godan verb
ごう	号	Number	vocabulary	ごう, 号: ごう: on	noun, suffix
うつ	打つ	To Hit	vocabulary	うつ, 打: う: kun	transitive verb, godan verb
もうす	申す	To Say Humbly	vocabulary	もうす, 申: もう: kun	transitive verb, godan verb
もうしもうし	申し申し	Telephone Hello	vocabulary	もうしもうし, 申: もう: on, &emsp;もしもし: exception	interjection
さら	皿	Plate	vocabulary	さら, 皿: さら: kun	noun
こざら	小皿	Small Plate	vocabulary	こざら, 小: こ: kun, 皿: ざら: kun	noun
おれい	お礼	Thanks	vocabulary	おれい, 礼: れい: on	noun
とし	年	Year	vocabulary	とし, 年: とし: kun	noun
あかい	赤い	Red	vocabulary	あかい, 赤: あか: kun	い adjective
しろい	白い	White	vocabulary	しろい, 白: しろ: kun	い adjective
ひゃく	百	Hundred	vocabulary	ひゃく, 百: ひゃく: on	numeral
でかける	出かける	To Go Out	vocabulary	でかける, 出: で: kun	intransitive verb, ichidan verb
さとごころ	里心	Homesick	vocabulary	さとごころ, 里: さと: kun, 心: ごころ: kun	noun
ばんにん	万人	All People	vocabulary	ばんにん, 万: ばん: on, 人: にん: on	noun
まぜる	交ぜる	To Mix	vocabulary	まぜる, 交: ま: kun	transitive verb, ichidan verb
かんがえる	考える	To Think About	vocabulary	かんがえる, 考: かんが: kun	transitive verb, ichidan verb
きん	金	Gold	vocabulary	きん, 金: きん: on	noun, suffix
さくぶん	作文	Composition	vocabulary	さくぶん, 作: さく: on, 文: ぶん: on	noun, する verb
しかく	四角	Square	vocabulary	しかく, 四: し: on, 角: かく: on	noun, な adjective, の adjective
そうこう	走行	Traveling	vocabulary	そうこう, 走: そう: on, 行: こう: on	noun, する verb
きんじつ	近日	Soon	vocabulary	きんじつ, 近: きん: on, 日: じつ: on	noun
ほんとう	本当	Reality	vocabulary	ほんとう, 本: ほん: on, 当: とう: on	noun, な adjective
ほんらい	本来	Originally	vocabulary	ほんらい, 本: ほん: on, 来: らい: on	noun, の adjective
かわ	皮	Skin	vocabulary	かわ, 皮: かわ: kun	noun
たいかい	大会	Convention	vocabulary	たいかい, 大: たい: on, 会: かい: on	noun, の adjective
あう	会う	To Meet	vocabulary	あう, 会: あ: kun	intransitive verb, godan verb
ひかり	光	Light	vocabulary	ひかり, 光: ひかり: kun	noun
こうねん	光年	Light Year	vocabulary	こうねん, 光: こう: on, 年: ねん: on	noun
げっこう	月光	Moonlight	vocabulary	げっこう, 月: げっ: on, 光: こう: on	noun
にっこう	日光	Sunlight	vocabulary	にっこう, 日: にっ: on, 光: こう: on	noun
おなじ	同じ	Same	vocabulary	おなじ, 同: おな: kun	noun
どうじつ	同日	Same Day	vocabulary	どうじつ, 同: どう: on, 日: じつ: on	noun
まわる	回る	To Revolve	vocabulary	まわる, 回: まわ: kun	intransitive verb, godan verb
いっかい	一回	One Time	vocabulary	いっかい, 一: いっ: on, 回: かい: on	noun
こんかい	今回	This Time	vocabulary	こんかい, 今: こん: on, 回: かい: on	noun
まいかい	毎回	Every Time	vocabulary	まいかい, 毎: まい: on, 回: かい: on	noun
たぶん	多分	Maybe	vocabulary	たぶん, 多: た: on, 分: ぶん: on	adverb, noun
あたる	当たる	To Be Right	vocabulary	あたる, 当: あ: kun	intransitive verb, godan verb
あたり	当たり	A Success	vocabulary	あたり, 当: あ: kun	noun
まいつき	毎月	Every Month	vocabulary	まいつき, 毎: まい: on, 月: つき: kun, &emsp;まいげつ, 毎: まい: on, 月: げつ: on	noun
まいにち	毎日	Every Day	vocabulary	まいにち, 毎: まい: on, 日: にち: on	noun
まいとし	毎年	Every Year	vocabulary	まいとし, 毎: まい: on, 年: とし: kun, &emsp;まいねん, 毎: まい: on, 年: ねん: on	noun
こめ	米	Rice	vocabulary	こめ, 米: こめ: kun	noun
はね	羽	Feathers	vocabulary	はね, 羽: はね: kun	noun
ぎゅうにく	牛肉	Beef	vocabulary	ぎゅうにく, 牛: ぎゅう: on, 肉: にく: on	noun, の adjective
ひにく	皮肉	Irony	vocabulary	ひにく, 皮: ひ: on, 肉: にく: on	noun, な adjective, の adjective
じぶん	自分	Oneself	vocabulary	じぶん, 自: じ: on, 分: ぶん: on	pronoun, の adjective
じりつ	自立	Independence	vocabulary	じりつ, 自: じ: on, 立: りつ: on	noun, する verb, の adjective
みずいろ	水色	Sky Blue	vocabulary	みずいろ, 水: みず: kun, 色: いろ: kun	noun, の adjective
いく	行く	To Go	vocabulary	いく, 行: い: kun	intransitive verb, godan verb
おこなう	行う	To Carry Out	vocabulary	おこなう, 行: おこな: kun	transitive verb, godan verb
ゆき	行き	Train Direction	vocabulary	ゆき, 行: ゆ: kun, &emsp;いき, 行: い: kun	noun, suffix
にし	西	West	vocabulary	にし, 西: にし: kun	noun
ほくせい	北西	Northwest	vocabulary	ほくせい, 北: ほく: on, 西: せい: on	noun, の adjective
なんぜん	何千	Thousands	vocabulary	なんぜん, 何: なん: kun, 千: ぜん: on	noun
なんにん	何人	How Many People	vocabulary	なんにん, 何: なん: kun, 人: にん: on	noun
なんがつ	何月	What Month	vocabulary	なんがつ, 何: なん: kun, 月: がつ: on	noun
なんにち	何日	How Many Days	vocabulary	なんにち, 何: なん: kun, 日: にち: on	expression
なんねん	何年	What Year	vocabulary	なんねん, 何: なん: kun, 年: ねん: on	noun
なんかい	何回	How Many Times	vocabulary	なんかい, 何: なん: kun, 回: かい: on	noun
まなぶ	学ぶ	To Learn	vocabulary	まなぶ, 学: まな: kun	godan verb
がくせい	学生	Student	vocabulary	がくせい, 学: がく: on, 生: せい: on	noun
がくねん	学年	School Grade	vocabulary	がくねん, 学: がく: on, 年: ねん: on	noun
にゅうがく	入学	School Admission	vocabulary	にゅうがく, 入: にゅう: on, 学: がく: on	noun, する verb
こうがく	工学	Engineering	vocabulary	こうがく, 工: こう: on, 学: がく: on	noun
だいがく	大学	University	vocabulary	だいがく, 大: だい: on, 学: がく: on	noun
きゅうがく	休学	Absent From School	vocabulary	きゅうがく, 休: きゅう: on, 学: がく: on	noun, する verb
くうき	空気	Air	vocabulary	くうき, 空: くう: on, 気: き: on	noun
きんたま	金玉	Testicles	vocabulary	きんたま, 金: きん: on, 玉: たま: kun	noun
おかね	お金	Money	vocabulary	おかね, 金: かね: kun	noun
あめ	雨	Rain	vocabulary	あめ, 雨: あめ: kun	noun
あおい	青い	Blue	vocabulary	あおい, 青: あお: kun	い adjective
せいねん	青年	Youth	vocabulary	せいねん, 青: せい: on, 年: ねん: on	noun
おと	音	Sound	vocabulary	おと, 音: おと: kun	noun, suffix
つくる	作る	To Make	vocabulary	つくる, 作: つく: kun	transitive verb, godan verb
たいりょく	体力	Physical Strength	vocabulary	たいりょく, 体: たい: on, 力: りょく: on	noun
たいない	体内	Internal	vocabulary	たいない, 体: たい: on, 内: ない: on	noun, の adjective
さよう	作用	Action	vocabulary	さよう, 作: さ: on, 用: よう: on	noun, する verb
こうさく	工作	Handicraft	vocabulary	こうさく, 工: こう: on, 作: さく: on	noun, する verb
たいさく	大作	An Epic	vocabulary	たいさく, 大: たい: on, 作: さく: on	noun
ず	図	Diagram	vocabulary	ず, 図: ず: on	noun, suffix
おおごえ	大声	Large Voice	vocabulary	おおごえ, 大: おお: kun, 声: ごえ: kun	noun, の adjective
おとうと	弟	Younger Brother	vocabulary	おとうと, 弟: おとうと: kun	noun
らいげつ	来月	Next Month	vocabulary	らいげつ, 来: らい: on, 月: げつ: on	noun
らいねん	来年	Next Year	vocabulary	らいねん, 来: らい: on, 年: ねん: on	noun
ねんらい	〜年来	For Some Years	vocabulary	ねんらい, 年: ねん: on, 来: らい: on	suffix
しゃない	社内	Within The Company	vocabulary	しゃない, 社: しゃ: on, 内: ない: on	noun, の adjective
にゅうしゃ	入社	Joining A Company	vocabulary	にゅうしゃ, 入: にゅう: on, 社: しゃ: on	noun, する verb
こうしゃ	公社	Public Corporation	vocabulary	こうしゃ, 公: こう: on, 社: しゃ: on	noun
ほんしゃ	本社	Headquarters	vocabulary	ほんしゃ, 本: ほん: on, 社: しゃ: on	noun
かいしゃ	会社	Company	vocabulary	かいしゃ, 会: かい: on, 社: しゃ: on	noun
かく	角	Angle	vocabulary	かく, 角: かく: on, &emsp;かど, 角: かど: kun	noun, suffix
さんかく	三角	Triangle	vocabulary	さんかく, 三: さん: on, 角: かく: on	noun
いう	言う	To Say	vocabulary	いう, 言: い: kun	godan verb
たに	谷	Valley	vocabulary	たに, 谷: たに: kun	noun
はしる	走る	To Run	vocabulary	はしる, 走: はし: kun	intransitive verb, godan verb
ちかい	近い	Close	vocabulary	ちかい, 近: ちか: kun	い adjective
きんねん	近年	Recent Years	vocabulary	きんねん, 近: きん: on, 年: ねん: on	noun
むぎ	麦	Wheat	vocabulary	むぎ, 麦: むぎ: kun	noun
けむし	毛虫	Caterpillar	vocabulary	けむし, 毛: け: kun, 虫: むし: kun	noun
したまち	下町	Downtown	vocabulary	したまち, 下: した: kun, 町: まち: kun	noun
いままで	今まで	Until Now	vocabulary	いままで, 今: いま: kun	adverb
けいと	毛糸	Wool Yarn	vocabulary	けいと, 毛: け: kun, 糸: いと: kun	noun
いますぐ	今すぐ	At Once	vocabulary	いますぐ, 今: いま: kun	adverb
さと	里	Hometown	vocabulary	さと, 里: さと: kun	noun
ひろがる	広がる	To Spread Out	vocabulary	ひろがる, 広: ひろ: kun	intransitive verb, godan verb
くうしゃ	空車	Open Taxi	vocabulary	くうしゃ, 空: くう: on, 車: しゃ: on	noun
かい	会	Meeting	vocabulary	かい, 会: かい: on	noun, suffix
こうこがく	考古学	Archeology	vocabulary	こうこがく, 考: こう: on, 古: こ: on, 学: がく: on	noun, の adjective
いっしょう	一生	Whole Life	vocabulary	いっしょう, 一: いっ: on, 生: しょう: on	noun, の adjective
しぐさ	仕草	Action	vocabulary	しぐさ, 仕: し: on, 草: ぐさ: kun	noun
はえる	生える	To Grow	vocabulary	はえる, 生: は: kun	intransitive verb, ichidan verb
けい	〜形	Form	vocabulary	けい, 形: けい: on	suffix
がいこう	外交	Diplomacy	vocabulary	がいこう, 外: がい: on, 交: こう: on	noun
うまれ	生まれ	Birthplace	vocabulary	うまれ, 生: う: kun	noun
だいたい	大体	General	vocabulary	だいたい, 大: だい: on, 体: たい: on	noun
ぶんがく	文学	Literature	vocabulary	ぶんがく, 文: ぶん: on, 学: がく: on	noun
きん	〜斤	Bread Loaf Counter	vocabulary	きん, 斤: きん: on	counter, suffix
あに	兄	Older Brother	vocabulary	あに, 兄: あに: kun	noun
かい	〜回	Times	vocabulary	かい, 回: かい: on	counter
おおい	多い	Many	vocabulary	おおい, 多: おお: kun	い adjective
にく	肉	Meat	vocabulary	にく, 肉: にく: on	noun
いろ	色	Color	vocabulary	いろ, 色: いろ: kun	noun
いろいろ	色々	Various	vocabulary	いろいろ, 色: いろ: kun	adverb, noun, な adjective, の adjective
なに	何	What	vocabulary	なに, 何: なに: kun, &emsp;なん, 何: なん: kun	pronoun, interjection, の adjective
はやし	林	Forest	vocabulary	はやし, 林: はやし: kun	noun
そら	空	Sky	vocabulary	そら, 空: そら: kun	noun
くさ	草	Grass	vocabulary	くさ, 草: くさ: kun	noun
からだ	体	Body	vocabulary	からだ, 体: からだ: kun	noun, の adjective
こえ	声	Voice	vocabulary	こえ, 声: こえ: kun	noun
きょうだい	兄弟	Brothers	vocabulary	きょうだい, 兄: きょう: on, 弟: だい: on	noun
くる	来る	To Come	vocabulary	くる, 来: く: kun	intransitive verb
こらい	古来	Ancient	vocabulary	こらい, 古: こ: on, 来: らい: on	adverb, noun, の adjective
がいらい	外来	Imported	vocabulary	がいらい, 外: がい: on, 来: らい: on	noun, の adjective
おとこのこ	男の子	Boy	vocabulary	おとこのこ, 男: おとこ: kun, 子: こ: kun	noun
おとこのひと	男の人	Man	vocabulary	おとこのひと, 男: おとこ: kun, 人: ひと: kun	noun
かっき	活気	Energy	vocabulary	かっき, 活: かっ: on, 気: き: on	noun
ち	地	Earth	vocabulary	ち, 地: ち: on	noun
ねんじ	年次	Annual	vocabulary	ねんじ, 年: ねん: on, 次: じ: on	noun
ちょっこう	直行	Nonstop	vocabulary	ちょっこう, 直: ちょっ: on, 行: こう: on	noun, する verb, の adjective
たからくじ	宝くじ	Lottery	vocabulary	たからくじ, 宝: たから: kun	noun
みみうち	耳打ち	Whisper In Ear	vocabulary	みみうち, 耳: みみ: kun, 打: う: kun	noun, する verb
りょうほう	両方	Both	vocabulary	りょうほう, 両: りょう: on, 方: ほう: on	noun, の adjective
すべて	全て	All	vocabulary	すべて, 全: すべ: kun	noun, の adjective
ほうこう	方向	Direction	vocabulary	ほうこう, 方: ほう: on, 向: こう: on	noun
めいきょく	名曲	Famous Music	vocabulary	めいきょく, 名: めい: on, 曲: きょく: on	noun
じかい	次回	Next Time	vocabulary	じかい, 次: じ: on, 回: かい: on	noun
ひつじ	羊	Sheep	vocabulary	ひつじ, 羊: ひつじ: kun	noun
しゅっけつ	出血	Bleeding	vocabulary	しゅっけつ, 出: しゅっ: on, 血: けつ: on	noun, する verb
ちゅうごく	中国	China	vocabulary	ちゅうごく, 中: ちゅう: on, 国: ごく: on	proper noun
うしろ	後ろ	Behind	vocabulary	うしろ, 後: うし: kun	noun
なくなる	亡くなる	To Pass Away	vocabulary	なくなる, 亡: な: kun	intransitive verb, godan verb
よのなか	世の中	Society	vocabulary	よのなか, 世: よ: kun, 中: なか: kun	noun
むく	向く	To Face	vocabulary	むく, 向: む: kun	godan verb
こくほう	国宝	National Treasure	vocabulary	こくほう, 国: こく: on, 宝: ほう: on	noun
くさち	草地	Meadow	vocabulary	くさち, 草: くさ: kun, 地: ち: on	noun
おおもじ	大文字	Uppercase Letters	vocabulary	おおもじ, 大: おお: kun, 文: も: on, 字: じ: on	noun
しかたがない	仕方がない	Can't Be Helped	vocabulary	しかたがない, 仕: し: on, 方: かた: kun	expression
ぶんか	文化	Culture	vocabulary	ぶんか, 文: ぶん: on, 化: か: on	noun
ちか	地下	Underground	vocabulary	ちか, 地: ち: on, 下: か: on	noun, の adjective
とち	土地	Land	vocabulary	とち, 土: と: on, 地: ち: on	noun
ちず	地図	Map	vocabulary	ちず, 地: ち: on, 図: ず: on	noun
りょうて	両手	Both Hands	vocabulary	りょうて, 両: りょう: on, 手: て: kun	noun, の adjective
りょうじつ	両日	Both Days	vocabulary	りょうじつ, 両: りょう: on, 日: じつ: on	noun
ぜんりょく	全力	Full Effort	vocabulary	ぜんりょく, 全: ぜん: on, 力: りょく: on	noun, の adjective
ぜんにほん	全日本	All Japan	vocabulary	ぜんにほん, 全: ぜん: on, 日: に: on, 本: ほん: on, &emsp;ぜんにっぽん, 全: ぜん: on, 日: にっ: on, 本: ぽん: on	expression
あんぜん	安全	Safety	vocabulary	あんぜん, 安: あん: on, 全: ぜん: on	noun, な adjective
やすい	安い	Cheap	vocabulary	やすい, 安: やす: kun	い adjective
あんしん	安心	Relief	vocabulary	あんしん, 安: あん: on, 心: しん: on	noun, する verb, な adjective
ふあん	不安	Uneasiness	vocabulary	ふあん, 不: ふ: on, 安: あん: on	noun, な adjective
へいあん	平安	Peace	vocabulary	へいあん, 平: へい: on, 安: あん: on	noun, な adjective
しゅう	州	State	vocabulary	しゅう, 州: しゅう: on	noun
きゅうしゅう	九州	Kyuushuu	vocabulary	きゅうしゅう, 九: きゅう: on, 州: しゅう: on	proper noun
ほんしゅう	本州	Honshuu	vocabulary	ほんしゅう, 本: ほん: on, 州: しゅう: on	noun
きょく	曲	Tune	vocabulary	きょく, 曲: きょく: on	noun, suffix
ある	有る	To Have	vocabulary	ある, 有: あ: kun	intransitive verb, godan verb
ゆうめい	有名	Famous	vocabulary	ゆうめい, 有: ゆう: on, 名: めい: on	な adjective
つぎ	次	Next	vocabulary	つぎ, 次: つぎ: kun	noun, の adjective
もくじ	目次	Table Of Contents	vocabulary	もくじ, 目: もく: on, 次: じ: on	noun
しぬ	死ぬ	To Die	vocabulary	しぬ, 死: し: on	intransitive verb, godan verb
したい	死体	Dead Body	vocabulary	したい, 死: し: on, 体: たい: on	noun, の adjective
しぼう	死亡	Mortality	vocabulary	しぼう, 死: し: on, 亡: ぼう: on	noun, の adjective
ようもう	羊毛	Wool	vocabulary	ようもう, 羊: よう: on, 毛: もう: on	noun, の adjective
ち	血	Blood	vocabulary	ち, 血: ち: kun	noun
くに	国	Country	vocabulary	くに, 国: くに: kun	noun
てんごく	天国	Kingdom Of Heaven	vocabulary	てんごく, 天: てん: on, 国: ごく: on	noun, の adjective
ぜんこく	全国	Nationwide	vocabulary	ぜんこく, 全: ぜん: on, 国: こく: on	noun, の adjective
しこく	四国	Shikoku	vocabulary	しこく, 四: し: on, 国: こく: on	proper noun
がいこく	外国	Foreign Country	vocabulary	がいこく, 外: がい: on, 国: こく: on	noun, の adjective
がいこくじん	外国人	Foreign Person	vocabulary	がいこくじん, 外: がい: on, 国: こく: on, 人: じん: on	noun
べいこく	米国	United States Of America	vocabulary	べいこく, 米: べい: on, 国: こく: on	proper noun, の adjective
よる	夜	Night	vocabulary	よる, 夜: よ: kun	noun
こんや	今夜	Tonight	vocabulary	こんや, 今: こん: on, 夜: や: on	noun
しまい	姉妹	Sisters	vocabulary	しまい, 姉: し: on, 妹: まい: on	noun
いもうと	妹	Younger Sister	vocabulary	いもうと, 妹: いもうと: kun	noun
おねえさん	お姉さん	Older Sister	vocabulary	おねえさん, 姉: ねえ: kun	noun
みせ	店	Shop	vocabulary	みせ, 店: みせ: kun	noun
あかるい	明るい	Bright	vocabulary	あかるい, 明: あ: kun	い adjective
ふめい	不明	Unknown	vocabulary	ふめい, 不: ふ: on, 明: めい: on	noun, な adjective
とうほう	東方	Eastward	vocabulary	とうほう, 東: とう: on, 方: ほう: on	noun
とうほく	東北	Tohoku 	vocabulary	とうほく, 東: とう: on, 北: ほく: on	noun
ちゅうとう	中東	Middle East	vocabulary	ちゅうとう, 中: ちゅう: on, 東: とう: on	proper noun, な adjective
なんとう	南東	Southeast	vocabulary	なんとう, 南: なん: on, 東: とう: on	noun, の adjective
あるく	歩く	To Walk	vocabulary	あるく, 歩: ある: kun	intransitive verb, godan verb
なおす	直す	To Fix	vocabulary	なおす, 直: なお: kun	transitive verb, godan verb
なおる	直る	To Be Fixed	vocabulary	なおる, 直: なお: kun	intransitive verb, godan verb
しょうじき	正直	Honest	vocabulary	しょうじき, 正: しょう: on, 直: じき: on	adverb, noun, な adjective
ながい	長い	Long	vocabulary	ながい, 長: なが: kun	い adjective
しゃちょう	社長	Company President	vocabulary	しゃちょう, 社: しゃ: on, 長: ちょう: on	noun, suffix
まえ	前	Front	vocabulary	まえ, 前: まえ: kun	noun, suffix
ごぜん	午前	AM	vocabulary	ごぜん, 午: ご: on, 前: ぜん: on	noun
みなみ	南	South	vocabulary	みなみ, 南: みなみ: kun	noun
あとで	後で	After	vocabulary	あとで, 後: あと: kun	adverb
ごご	午後	PM	vocabulary	ごご, 午: ご: on, 後: ご: on	noun
おもう	思う	To Think	vocabulary	おもう, 思: おも: kun	transitive verb, godan verb
ほし	星	Star	vocabulary	ほし, 星: ほし: kun	noun
せいかつ	生活	Life	vocabulary	せいかつ, 生: せい: on, 活: かつ: on	noun, する verb
うみ	海	Ocean	vocabulary	うみ, 海: うみ: kun	noun
かいがい	海外	Overseas	vocabulary	かいがい, 海: かい: on, 外: がい: on	noun, の adjective
てん	点	Point	vocabulary	てん, 点: てん: on	noun, suffix
かがく	科学	Science	vocabulary	かがく, 科: か: on, 学: がく: on	noun
おちゃ	お茶	Tea	vocabulary	おちゃ, 茶: ちゃ: on	noun
ちゃいろ	茶色	Brown	vocabulary	ちゃいろ, 茶: ちゃ: on, 色: いろ: kun	noun, の adjective
たべる	食べる	To Eat	vocabulary	たべる, 食: た: kun	transitive verb, ichidan verb
くび	首	Neck	vocabulary	くび, 首: くび: kun	noun
あしくび	足首	Ankle	vocabulary	あしくび, 足: あし: kun, 首: くび: kun	noun
くびになる	首になる	To Get Fired	vocabulary	くびになる, 首: くび: kun	expression, godan verb
よんじゅうに	四十二	Forty Two	vocabulary	よんじゅうに, 四: よん: kun, 十: じゅう: on, 二: に: on	numeral
こもじ	小文字	Lowercase Letters	vocabulary	こもじ, 小: こ: kun, 文: も: on, 字: じ: on	noun
ふゆやすみ	冬休み	Winter Holiday	vocabulary	ふゆやすみ, 冬: ふゆ: kun, 休: やす: kun	noun
できる	出来る	To Be Able To Do	vocabulary	できる, 出: で: kun, 来: き: kun	intransitive verb, ichidan verb
ほうげん	方言	Dialect	vocabulary	ほうげん, 方: ほう: on, 言: げん: on	noun, の adjective
とうきょう	東京	Tokyo	vocabulary	とうきょう, 東: とう: on, 京: きょう: on	proper noun
はやくち	早口	Fast Talker	vocabulary	はやくち, 早: はや: kun, 口: く: on	noun, の adjective
たりない	足りない	Not Enough	vocabulary	たりない, 足: た: kun	intransitive verb
としうえ	年上	Older	vocabulary	としうえ, 年: とし: kun, 上: うえ: kun	noun, の adjective
かわり	代わり	Substitute	vocabulary	かわり, 代: か: kun	noun, の adjective
ことし	今年	This Year	vocabulary	ことし, 今: こ: on, 年: とし: kun	noun
かえる	代える	To Replace	vocabulary	かえる, 代: か: kun	transitive verb, ichidan verb
としした	年下	Younger	vocabulary	としした, 年: とし: kun, 下: した: kun	noun, の adjective
ひがし	東	East	vocabulary	ひがし, 東: ひがし: kun	noun
わたし	私	I	vocabulary	私: わたし: kun, 私: わたくし: kun	pronoun, の adjective
しせいかつ	私生活	Personal Life	vocabulary	しせいかつ, 私: し: on, 生: せい: on, 活: かつ: on	noun
しりつ	私立	Private	vocabulary	しりつ, 私: し: on, 立: りつ: on	noun, の adjective
いっぽ	一歩	One Step	vocabulary	いっぽ, 一: いっ: on, 歩: ぽ: on	noun
さんびゃく	三百	Three Hundred	vocabulary	さんびゃく, 三: さん: on, 百: びゃく: on	numeral
たす	足す	To Add	vocabulary	たす, 足: た: kun	transitive verb, godan verb
しゃりょう	車両	Railroad Car	vocabulary	しゃりょう, 車: しゃ: on, 両: りょう: on	noun
はやく	早く	Early	vocabulary	はやく, 早: はや: kun	adverb
し	死	Death	vocabulary	し, 死: し: on	noun, suffix
あね	姉	Older Sister	vocabulary	あね, 姉: あね: kun	noun
しつ	〜室	Room	vocabulary	しつ, 室: しつ: on	suffix
こくおう	国王	King	vocabulary	こくおう, 国: こく: on, 王: おう: on	noun, の adjective
すいせい	水星	Mercury	vocabulary	すいせい, 水: すい: on, 星: せい: on	noun, の adjective
きんせい	金星	Venus	vocabulary	きんせい, 金: きん: on, 星: せい: on	noun
どせい	土星	Saturn	vocabulary	どせい, 土: ど: on, 星: せい: on	noun
ちちゅう	地中	Underground	vocabulary	ちちゅう, 地: ち: on, 中: ちゅう: on	noun, の adjective
かつよう	活用	Conjugation	vocabulary	かつよう, 活: かつ: on, 用: よう: on	noun, する verb
かいおうせい	海王星	Neptune	vocabulary	かいおうせい, 海: かい: on, 王: おう: on, 星: せい: on	noun
しる	知る	To Know	vocabulary	しる, 知: し: kun	transitive verb, godan verb
てくび	手首	Wrist	vocabulary	てくび, 手: て: kun, 首: くび: kun	noun
とおる	通る	To Pass	vocabulary	とおる, 通: とお: kun	intransitive verb, godan verb
じだい	時代	Period	vocabulary	じだい, 時: じ: on, 代: だい: on	noun
つける	付ける	To Attach	vocabulary	つける, 付: つ: kun	transitive verb, ichidan verb
いがい	以外	Other Than	vocabulary	いがい, 以: い: on, 外: がい: on	noun
うしなう	失う	To Lose	vocabulary	うしなう, 失: うしな: kun	transitive verb, godan verb
しつれい	失礼	Rude	vocabulary	しつれい, 失: しつ: on, 礼: れい: on	noun, する verb, な adjective
にんぎょう	人形	Doll	vocabulary	にんぎょう, 人: にん: on, 形: ぎょう: on	noun
おおきく	大きく	In A Big Way	vocabulary	おおきく, 大: おお: kun	adverb
しめい	氏名	Full Name	vocabulary	しめい, 氏: し: on, 名: めい: on	noun
あたり	辺り	Area	vocabulary	あたり, 辺: あた: kun	noun
いぜん	以前	Previously	vocabulary	いぜん, 以: い: on, 前: ぜん: on	noun
みらい	未来	Future	vocabulary	みらい, 未: み: on, 来: らい: on	noun, の adjective
どうじ	同時	Same Time	vocabulary	どうじ, 同: どう: on, 時: じ: on	noun, の adjective
こうつう	交通	Traffic	vocabulary	こうつう, 交: こう: on, 通: つう: on	noun, する verb
ふうせん	風船	Balloon	vocabulary	ふうせん, 風: ふう: on, 船: せん: on	noun
さきまわり	先回り	Arriving Ahead	vocabulary	さきまわり, 先: さき: kun, 回: まわ: kun	noun, する verb
しんり	心理	Mental State	vocabulary	しんり, 心: しん: on, 理: り: on	noun
しゃかい	社会	Society	vocabulary	しゃかい, 社: しゃ: on, 会: かい: on	noun
みあたる	見当たる	To Be Found	vocabulary	みあたる, 見: み: kun, 当: あ: kun	intransitive verb, godan verb
いったい	一体	The Heck	vocabulary	いったい, 一: いっ: on, 体: たい: on	adverb
ちょうみん	町民	Townspeople	vocabulary	ちょうみん, 町: ちょう: on, 民: みん: on	noun
おにいさん	お兄さん	Older Brother	vocabulary	おにいさん, 兄: にい: kun	noun
かんがえ	考え	Thought	vocabulary	かんがえ, 考: かんが: kun	noun
かんがえかた	考え方	Way Of Thinking	vocabulary	かんがえかた, 考: かんが: kun, 方: かた: kun	noun
かたち	形	Shape	vocabulary	かたち, 形: かた: kun	noun, suffix
けってん	欠点	Shortcoming	vocabulary	けってん, 欠: けっ: on, 点: てん: on	noun
し	〜氏	Mister	vocabulary	し, 氏: し: on	suffix
じゆう	自由	Freedom	vocabulary	じゆう, 自: じ: on, 由: ゆう: on	noun, な adjective
りゆう	理由	Reason	vocabulary	りゆう, 理: り: on, 由: ゆう: on	noun
さつ	〜札	Bill	vocabulary	さつ, 札: さつ: on	suffix
こくみん	国民	The People	vocabulary	こくみん, 国: こく: on, 民: みん: on	noun
このへん	この辺	Around Here	vocabulary	このへん, 辺: へん: on	pronoun, の adjective
いじょう	以上	More Than	vocabulary	いじょう, 以: い: on, 上: じょう: on	noun
かならず	必ず	Surely	vocabulary	かならず, 必: かなら: kun	adverb
ひっし	必死	Frantic	vocabulary	ひっし, 必: ひっ: on, 死: し: on	な adjective, の adjective
まだ	未だ	Not Yet	vocabulary	まだ, 未: ま: kun	adverb
すえ	末	The End	vocabulary	すえ, 末: すえ: kun	noun
ねんまつ	年末	Year End	vocabulary	ねんまつ, 年: ねん: on, 末: まつ: on	noun
げつまつ	月末	End Of The Month	vocabulary	げつまつ, 月: げつ: on, 末: まつ: on	noun
こうこう	高校	High School	vocabulary	こうこう, 高: こう: on, 校: こう: on	noun
がっこう	学校	School	vocabulary	がっこう, 学: がっ: on, 校: こう: on	noun
なつ	夏	Summer	vocabulary	なつ, 夏: なつ: kun	noun
なつやすみ	夏休み	Summer Vacation	vocabulary	なつやすみ, 夏: なつ: kun, 休: やす: kun	noun
いえ	家	Home	vocabulary	いえ, 家: いえ: kun, &emsp;うち, 家: うち: kun	noun, の adjective
さっか	作家	Author	vocabulary	さっか, 作: さっ: on, 家: か: on	noun
よわい	弱い	Weak	vocabulary	よわい, 弱: よわ: kun	い adjective
じゃくてん	弱点	Weak Point	vocabulary	じゃくてん, 弱: じゃく: on, 点: てん: on	noun
とき	時	Time	vocabulary	とき, 時: とき: kun	noun
いちじ	一時	One O'clock	vocabulary	いちじ, 一: いち: on, 時: じ: on	noun
にじはん	二時半	Two Thirty	vocabulary	にじはん, 二: に: on, 時: じ: on, 半: はん: on	noun
なんじ	何時	What Time	vocabulary	なんじ, 何: なん: kun, 時: じ: on	noun
かみ	紙	Paper	vocabulary	かみ, 紙: かみ: kun	noun
てがみ	手紙	Letter	vocabulary	てがみ, 手: て: kun, 紙: がみ: kun	noun, の adjective
にっき	日記	Diary	vocabulary	にっき, 日: にっ: on, 記: き: on	noun
たかい	高い	Tall	vocabulary	たかい, 高: たか: kun	い adjective
つよい	強い	Strong	vocabulary	つよい, 強: つよ: kun	い adjective
きょうりょく	強力	Strength	vocabulary	きょうりょく, 強: きょう: on, 力: りょく: on	noun, な adjective
おしえる	教える	To Teach	vocabulary	おしえる, 教: おし: kun	transitive verb, ichidan verb
きょうしつ	教室	Classroom	vocabulary	きょうしつ, 教: きょう: on, 室: しつ: on	noun
しんりがく	心理学	Psychology	vocabulary	しんりがく, 心: しん: on, 理: り: on, 学: がく: on	noun
ちり	地理	Geography	vocabulary	ちり, 地: ち: on, 理: り: on	noun
くみ	組	Group	vocabulary	くみ, 組: くみ: kun	noun, suffix
ふね	船	Boat	vocabulary	ふね, 船: ふね: kun	noun
せんしゅう	先週	Last Week	vocabulary	せんしゅう, 先: せん: on, 週: しゅう: on	noun
こんしゅう	今週	This Week	vocabulary	こんしゅう, 今: こん: on, 週: しゅう: on	noun
しゅうまつ	週末	Weekend	vocabulary	しゅうまつ, 週: しゅう: on, 末: まつ: on	noun
ゆき	雪	Snow	vocabulary	ゆき, 雪: ゆき: kun	noun
さかな	魚	Fish	vocabulary	さかな, 魚: さかな: kun	noun
きんぎょ	金魚	Goldfish	vocabulary	きんぎょ, 金: きん: on, 魚: ぎょ: on	noun
かいぎょ	海魚	Ocean Fish	vocabulary	かいぎょ, 海: かい: on, 魚: ぎょ: on, &emsp;うみざかな, 海: うみ: kun, 魚: ざかな: kun	noun
とり	鳥	Bird	vocabulary	とり, 鳥: とり: kun	noun
はくちょう	白鳥	Swan	vocabulary	はくちょう, 白: はく: on, 鳥: ちょう: on	noun
きいろ	黄色	Yellow	vocabulary	きいろ, 黄: き: kun, 色: いろ: kun	noun, な adjective
くろい	黒い	Black	vocabulary	くろい, 黒: くろ: kun	い adjective
こくじん	黒人	Black Person	vocabulary	こくじん, 黒: こく: on, 人: じん: on	noun, の adjective
てづくり	手作り	Handmade	vocabulary	てづくり, 手: て: kun, 作: づく: kun	noun, の adjective
かぜ	風	Wind	vocabulary	かぜ, 風: かぜ: kun	noun
だいがくせい	大学生	University Student	vocabulary	だいがくせい, 大: だい: on, 学: がく: on, 生: せい: on	noun
いいかた	言い方	Way Of Saying	vocabulary	いいかた, 言: い: kun, 方: かた: kun	noun
ちかぢか	近々	Before Long	vocabulary	ちかぢか, 近: ちか: kun, &emsp;きんきん, 近: きん: on, &emsp;ちかじか, 近: ちか: kun	noun
あおぞら	青空	Blue Sky	vocabulary	あおぞら, 青: あお: kun, 空: ぞら: kun	noun
しょうがくせい	小学生	Elementary School Student	vocabulary	しょうがくせい, 小: しょう: on, 学: がく: on, 生: せい: on	noun
つくりかた	作り方	How To Make	vocabulary	つくりかた, 作: つく: kun, 方: かた: kun	noun
ちゅうがくせい	中学生	Middle School Student	vocabulary	ちゅうがくせい, 中: ちゅう: on, 学: がく: on, 生: せい: on	noun
ふにんき	不人気	Unpopular	vocabulary	ふにんき, 不: ふ: on, 人: にん: on, 気: き: on	noun, な adjective
かける	欠ける	To Lack	vocabulary	かける, 欠: か: kun	intransitive verb, ichidan verb
ほんとうに	本当に	Really	vocabulary	ほんとうに, 本: ほん: on, 当: とう: on	adverb
ちょうめ	〜丁目	District Of A Town	vocabulary	ちょうめ, 丁: ちょう: on, 目: め: kun	suffix
じ	〜時	O'Clock	vocabulary	じ, 時: じ: on	suffix
ちかく	近く	Near	vocabulary	ちかく, 近: ちか: kun	adverb, noun
たいふう	台風	Typhoon	vocabulary	たいふう, 台: たい: on, 風: ふう: on	noun
せんたい	船体	Hull	vocabulary	せんたい, 船: せん: on, 体: たい: on	noun
ごうしつ	〜号室	Room Number	vocabulary	ごうしつ, 号: ごう: on, 室: しつ: on	suffix
おおぞら	大空	Heavens	vocabulary	おおぞら, 大: おお: kun, 空: ぞら: kun	noun
さんかくけい	三角形	Triangle	vocabulary	さんかくけい, 三: さん: on, 角: かく: on, 形: けい: on, &emsp;さんかっけい, 三: さん: on, 角: かっ: on, 形: けい: on	noun, の adjective
かつようけい	活用形	Conjugated Form	vocabulary	かつようけい, 活: かつ: on, 用: よう: on, 形: けい: on	noun
こごえ	小声	Low Voice	vocabulary	こごえ, 小: こ: kun, 声: ごえ: kun	noun, の adjective
へん	辺	Area	vocabulary	へん, 辺: へん: on	noun
いか	以下	Less Than	vocabulary	いか, 以: い: on, 下: か: on	noun
らいしゅう	来週	Next Week	vocabulary	らいしゅう, 来: らい: on, 週: しゅう: on	noun
ひかる	光る	To Shine	vocabulary	ひかる, 光: ひか: kun	intransitive verb, godan verb
ふだ	札	Tag	vocabulary	ふだ, 札: ふだ: kun	noun
いご	以後	After This	vocabulary	いご, 以: い: on, 後: ご: on	noun
いっきん	一斤	One Loaf of Bread	vocabulary	いっきん, 一: いっ: on, 斤: きん: on	noun
にきん	二斤	Two Loaves of Bread	vocabulary	にきん, 二: に: on, 斤: きん: on	noun
まわす	回す	To Turn	vocabulary	まわす, 回: まわ: kun	transitive verb, godan verb
かず	数	Number	vocabulary	かず, 数: かず: kun	noun
にんずう	人数	The Number Of People	vocabulary	にんずう, 人: にん: on, 数: ずう: on	noun
ばける	化ける	To Transform	vocabulary	ばける, 化: ば: kun	intransitive verb, ichidan verb
かもく	科目	Subject	vocabulary	かもく, 科: か: on, 目: もく: on	noun
ささえる	支える	To Support	vocabulary	ささえる, 支: ささ: kun	transitive verb, ichidan verb
きゅうめい	究明	Investigation	vocabulary	きゅうめい, 究: きゅう: on, 明: めい: on	noun, する verb
しゅっしょ	出所	Release From Prison	vocabulary	しゅっしょ, 出: しゅっ: on, 所: しょ: on, &emsp;でどころ, 出: で: kun, 所: どころ: kun	noun, する verb
まもなく	間もなく	Soon	vocabulary	まもなく, 間: ま: kun	adverb
ちかづく	近づく	To Get Close	vocabulary	ちかづく, 近: ちか: kun	intransitive verb, godan verb
まじる	交じる	To Be Mixed	vocabulary	まじる, 交: まじ: kun	intransitive verb, godan verb
まじわる	交わる	To Intersect	vocabulary	まじわる, 交: まじ: kun	intransitive verb, godan verb
み	身	Body	vocabulary	み, 身: み: kun	noun
すうねん	数年	Several Years	vocabulary	すうねん, 数: すう: on, 年: ねん: on	noun
じゅうにん	住人	Resident	vocabulary	じゅうにん, 住: じゅう: on, 人: にん: on	noun
たすける	助ける	To Help	vocabulary	たすける, 助: たす: kun	transitive verb, ichidan verb
たいりつ	対立	Confrontation	vocabulary	たいりつ, 対: たい: on, 立: りつ: on	noun, する verb, の adjective
けっしん	決心	Determination	vocabulary	けっしん, 決: けっ: on, 心: しん: on	noun, する verb
けんきゅう	研究	Research	vocabulary	けんきゅう, 研: けん: on, 究: きゅう: on	noun, する verb
たしょ	他所	Another Place	vocabulary	たしょ, 他: た: on, 所: しょ: on, &emsp;よそ: exception	noun
こうばん	交番	Police Box	vocabulary	こうばん, 交: こう: on, 番: ばん: on	proper noun
じかん	時間	Time	vocabulary	じかん, 時: じ: on, 間: かん: on	noun
かぞえる	数える	To Count	vocabulary	かぞえる, 数: かぞ: kun	transitive verb, ichidan verb
てんすう	点数	Points	vocabulary	てんすう, 点: てん: on, 数: すう: on	noun
なんべい	南米	South America	vocabulary	なんべい, 南: なん: on, 米: べい: on	noun
おもいだす	思い出す	To Remember	vocabulary	おもいだす, 思: おも: kun, 出: だ: kun	transitive verb, godan verb
まったく	全く	Completely	vocabulary	まったく, 全: まった: kun	adverb
ながさ	長さ	Length	vocabulary	ながさ, 長: なが: kun	noun
できあがる	出来上がる	To Be Finished	vocabulary	できあがる, 出: で: kun, 来: き: kun, 上: あ: kun	intransitive verb, godan verb
はしりまわる	走り回る	To Run Around	vocabulary	はしりまわる, 走: はし: kun, 回: まわ: kun	intransitive verb, godan verb
あてる	当てる	To Guess	vocabulary	あてる, 当: あ: kun	transitive verb, ichidan verb
ぜんかい	前回	Last Time	vocabulary	ぜんかい, 前: ぜん: on, 回: かい: on	noun
ちじょう	地上	Above Ground	vocabulary	ちじょう, 地: ち: on, 上: じょう: on	noun, の adjective
あたりまえ	当たり前	Natural	vocabulary	あたりまえ, 当: あ: kun, 前: まえ: kun	noun, な adjective, の adjective
つける	点ける	To Turn On	vocabulary	つける, 点: つ: kun	transitive verb, ichidan verb
きじ	生地	Material	vocabulary	きじ, 生: き: kun, 地: じ: on	noun
ばんぐみ	番組	Program	vocabulary	ばんぐみ, 番: ばん: on, 組: ぐみ: kun	noun
とうしゅ	投手	Pitcher	vocabulary	とうしゅ, 投: とう: on, 手: しゅ: on	noun, suffix
いけ	池	Pond	vocabulary	いけ, 池: いけ: kun	noun
うま	馬	Horse	vocabulary	うま, 馬: うま: kun	noun
ばりき	馬力	Horsepower	vocabulary	ばりき, 馬: ば: on, 力: りき: on	noun
してん	支店	Branch Office	vocabulary	してん, 支: し: on, 店: てん: on	noun
すむ	住む	To Live	vocabulary	すむ, 住: す: kun	intransitive verb, godan verb
じょりょく	助力	Assistance	vocabulary	じょりょく, 助: じょ: on, 力: りょく: on	noun, する verb
じょげん	助言	Advice	vocabulary	じょげん, 助: じょ: on, 言: げん: on	noun, する verb, の adjective
いだい	医大	Medical University	vocabulary	いだい, 医: い: on, 大: だい: on	noun
いがく	医学	Medical Science	vocabulary	いがく, 医: い: on, 学: がく: on	noun
いしゃ	医者	Doctor	vocabulary	いしゃ, 医: い: on, 者: しゃ: on	noun
くんしゅこく	君主国	Monarchy	vocabulary	くんしゅこく, 君: くん: on, 主: しゅ: on, 国: こく: on	noun
きみ	君	You	vocabulary	きみ, 君: きみ: kun	pronoun
くん	〜君	Boy Name Ender	vocabulary	くん, 君: くん: on	noun, suffix
たいする	対する	To Compare With	vocabulary	たいする, 対: たい: on	する verb
たいがい	対外	Foreign	vocabulary	たいがい, 対: たい: on, 外: がい: on	noun
はんたい	反対	Opposition	vocabulary	はんたい, 反: はん: on, 対: たい: on	noun, する verb, な adjective, の adjective
きょく	局	Bureau	vocabulary	きょく, 局: きょく: on	noun, suffix
しきょく	支局	Branch Office	vocabulary	しきょく, 支: し: on, 局: きょく: on	noun
やく	役	Role	vocabulary	やく, 役: やく: on	noun, suffix
やくにん	役人	Public Official	vocabulary	やくにん, 役: やく: on, 人: にん: on	noun
やくにたつ	役に立つ	To Be Useful	vocabulary	やくにたつ, 役: やく: on, 立: た: kun	godan verb
たいやく	大役	Important Task	vocabulary	たいやく, 大: たい: on, 役: やく: on	noun
けつ	決	Decision	vocabulary	けつ, 決: けつ: on	noun
きめる	決める	To Decide	vocabulary	きめる, 決: き: kun	transitive verb, ichidan verb
みけつ	未決	Pending	vocabulary	みけつ, 未: み: on, 決: けつ: on	noun, の adjective
じけつ	自決	Suicide	vocabulary	じけつ, 自: じ: on, 決: けつ: on	noun, する verb
なげる	投げる	To Throw	vocabulary	なげる, 投: な: kun	transitive verb, ichidan verb
しんしん	心身	Body And Mind	vocabulary	しんしん, 心: しん: on, 身: しん: on	noun, の adjective
しんたい	身体	The Body	vocabulary	しんたい, 身: しん: on, 体: たい: on, からだ, 身体: kun	noun, の adjective
ぜんしん	全身	Whole Body	vocabulary	ぜんしん, 全: ぜん: on, 身: しん: on	noun, の adjective
もり	森	Woods	vocabulary	もり, 森: もり: kun	noun
りょうしゃ	両者	Both People	vocabulary	りょうしゃ, 両: りょう: on, 者: しゃ: on	noun
さくしゃ	作者	Author	vocabulary	さくしゃ, 作: さく: on, 者: しゃ: on	noun
がくしゃ	学者	Scholar	vocabulary	がくしゃ, 学: がく: on, 者: しゃ: on	noun, の adjective
こうがくしゃ	工学者	Engineer	vocabulary	こうがくしゃ, 工: こう: on, 学: がく: on, 者: しゃ: on	noun
ばしょ	場所	Place	vocabulary	ばしょ, 場: ば: kun, 所: しょ: on	noun
にゅうじょう	入場	Entrance	vocabulary	にゅうじょう, 入: にゅう: on, 場: じょう: on	noun, する verb
こうじょう	工場	Factory	vocabulary	こうじょう, 工: こう: on, 場: じょう: on, &emsp;こうば, 工: こう: on, 場: ば: kun	noun
ところ	所	Place	vocabulary	ところ, 所: ところ: kun	noun, suffix
にゅうしょ	入所	Admission	vocabulary	にゅうしょ, 入: にゅう: on, 所: しょ: on	noun, する verb
めいしょ	名所	Famous Place	vocabulary	めいしょ, 名: めい: on, 所: しょ: on	noun
じゅうしょ	住所	Address	vocabulary	じゅうしょ, 住: じゅう: on, 所: しょ: on	noun
あさ	朝	Morning	vocabulary	あさ, 朝: あさ: kun	noun
あさごはん	朝ごはん	Breakfast	vocabulary	あさごはん, 朝: あさ: kun	noun
あさひ	朝日	Morning Sun	vocabulary	あさひ, 朝: あさ: kun, 日: ひ: kun	noun
ばんごう	番号	Number	vocabulary	ばんごう, 番: ばん: on, 号: ごう: on	noun
いちばん	一番	Number One	vocabulary	いちばん, 一: いち: on, 番: ばん: on	noun
にばん	二番	Number Two	vocabulary	にばん, 二: に: on, 番: ばん: on	noun
こたえ	答え	Answer	vocabulary	こたえ, 答: こた: kun	noun
こたえる	答える	To Answer	vocabulary	こたえる, 答: こた: kun	intransitive verb, ichidan verb
え	絵	Painting	vocabulary	え, 絵: え: on	noun
かう	買う	To Buy	vocabulary	かう, 買: か: kun	transitive verb, godan verb
みち	道	Road	vocabulary	みち, 道: みち: kun	noun
ほどう	歩道	Sidewalk	vocabulary	ほどう, 歩: ほ: on, 道: どう: on	noun
どう	〜道	Method Of	vocabulary	どう, 道: どう: on	noun, suffix
あいだ	間	Interval	vocabulary	あいだ, 間: あいだ: kun, &emsp;ま, 間: ま: kun	noun
かん	〜間	Amount Of Time	vocabulary	かん, 間: かん: on	noun, suffix
にんげん	人間	Human	vocabulary	にんげん, 人: にん: on, 間: げん: on	noun
くうかん	空間	Space	vocabulary	くうかん, 空: くう: on, 間: かん: on	noun
くも	雲	Cloud	vocabulary	くも, 雲: くも: kun	noun
すうじ	数字	Numeral	vocabulary	すうじ, 数: すう: on, 字: じ: on	noun
すうがく	数学	Mathematics	vocabulary	すうがく, 数: すう: on, 学: がく: on	noun
たのしい	楽しい	Fun	vocabulary	たのしい, 楽: たの: kun	い adjective
おんがく	音楽	Music	vocabulary	おんがく, 音: おん: on, 楽: がく: on	noun
らく	楽	Comfort	vocabulary	らく, 楽: らく: on	noun, な adjective
はなす	話す	To Speak	vocabulary	はなす, 話: はな: kun	transitive verb, godan verb
でんわ	電話	Telephone	vocabulary	でんわ, 電: でん: on, 話: わ: on	noun, する verb, の adjective
かいわ	会話	Conversation	vocabulary	かいわ, 会: かい: on, 話: わ: on	noun, する verb
でんしゃ	電車	Train	vocabulary	でんしゃ, 電: でん: on, 車: しゃ: on	noun
でんき	電気	Electricity	vocabulary	でんき, 電: でん: on, 気: き: on	noun
でんち	電池	Battery	vocabulary	でんち, 電: でん: on, 池: ち: on	noun
でんし	電子	Electron	vocabulary	でんし, 電: でん: on, 子: し: on	noun
でんりょく	電力	Electric Power	vocabulary	でんりょく, 電: でん: on, 力: りょく: on	noun
つぎつぎ	次々	One By One	vocabulary	つぎつぎ, 次: つぎ: kun	adverb
むこう	向こう	Over There	vocabulary	むこう, 向: む: kun	noun
まがる	曲がる	To Be Bent	vocabulary	まがる, 曲: ま: kun	intransitive verb, godan verb
ぜんべい	全米	All America	vocabulary	ぜんべい, 全: ぜん: on, 米: べい: on	noun
みなみぐち	南口	South Exit	vocabulary	みなみぐち, 南: みなみ: kun, 口: ぐ: on	noun
おもいで	思い出	A Memory	vocabulary	おもいで, 思: おも: kun, 出: で: kun	noun
みなおす	見直す	To Reevaluate	vocabulary	みなおす, 見: み: kun, 直: なお: kun	godan verb
このまえ	この前	The Other Day	vocabulary	このまえ, 前: まえ: kun	noun, の adjective
ひがしぐち	東口	East Exit	vocabulary	ひがしぐち, 東: ひがし: kun, 口: ぐ: on	noun
おしらせ	お知らせ	Notice	vocabulary	おしらせ, 知: し: kun	noun, する verb
なまえ	名前	Name	vocabulary	なまえ, 名: な: kun, 前: まえ: kun	noun
まげる	曲げる	To Bend	vocabulary	まげる, 曲: ま: kun	transitive verb, ichidan verb
わたしじしん	私自身	Personally	vocabulary	わたしじしん, 私: わたし: kun, 自: じ: on, 身: しん: on, &emsp;わたくしじしん, 私: わたくし: kun, 自: じ: on, 身: しん: on	pronoun
しりつだいがく	私立大学	Private College	vocabulary	しりつだいがく, 私: し: on, 立: りつ: on, 大: だい: on, 学: がく: on	noun
あした	明日	Tomorrow	vocabulary	あした, 明: あ: kun, 日: した: exception, &emsp;あす, 明: あ: kun, 日: す: exception, &emsp;みょうにち, 明: みょう: kun, 日: にち: on	noun
ほっかいどう	北海道	Hokkaido	vocabulary	ほっかいどう, 北: ほっ: on, 海: かい: on, 道: どう: on	proper noun
むける	向ける	To Turn Towards	vocabulary	むける, 向: む: kun	transitive verb, ichidan verb
おまえ	お前	You	vocabulary	おまえ, 前: まえ: kun	pronoun, の adjective
ちちゅうかい	地中海	Mediterranean Sea	vocabulary	ちちゅうかい, 地: ち: on, 中: ちゅう: on, 海: かい: on	noun
まいあさ	毎朝	Every Morning	vocabulary	まいあさ, 毎: まい: on, 朝: あさ: kun	noun
すいどう	水道	Water Supply	vocabulary	すいどう, 水: すい: on, 道: どう: on	noun
やくめ	役目	Duty	vocabulary	やくめ, 役: やく: on, 目: め: kun	noun
えもじ	絵文字	Emoji	vocabulary	えもじ, 絵: え: on, 文: も: on, 字: じ: on	noun
そうだん	相談	Consultation	vocabulary	そうだん, 相: そう: on, 談: だん: on	noun, する verb
たいじゅう	体重	Body Weight	vocabulary	たいじゅう, 体: たい: on, 重: じゅう: on	noun
きをつけて	気を付けて	Be Careful	vocabulary	きをつけて, 気: き: on, 付: つ: kun	expression
まける	負ける	To Lose	vocabulary	まける, 負: ま: kun	intransitive verb, ichidan verb
とおり	通り	Avenue	vocabulary	とおり, 通: とお: kun	noun
あらわす	表す	To Express	vocabulary	あらわす, 表: あらわ: kun	transitive verb, godan verb
しゅっぱつ	出発	Departure	vocabulary	しゅっぱつ, 出: しゅっ: on, 発: ぱつ: on	noun, する verb
おしえ	教え	Teaching	vocabulary	おしえ, 教: おし: kun	noun
おもて	表	Front	vocabulary	おもて, 表: おもて: kun	noun
ぶしゅ	部首	Radical	vocabulary	ぶしゅ, 部: ぶ: on, 首: しゅ: on	noun
じゅうみん	住民	Residents	vocabulary	じゅうみん, 住: じゅう: on, 民: みん: on	noun
だいじ	大事	Important	vocabulary	だいじ, 大: だい: on, 事: じ: on	noun, な adjective
へんじ	返事	Reply	vocabulary	へんじ, 返: へん: on, 事: じ: on	noun, する verb
はっけん	発見	Discovery	vocabulary	はっけん, 発: はっ: on, 見: けん: on	noun, する verb
あいて	相手	Partner	vocabulary	あいて, 相: あい: kun, 手: て: kun	noun
にじゅう	二重	Double	vocabulary	にじゅう, 二: に: on, 重: じゅう: on	noun, の adjective
つく	付く	To Be Attached	vocabulary	つく, 付: つ: kun	intransitive verb, godan verb
かえす	返す	To Return	vocabulary	かえす, 返: かえ: kun	transitive verb, godan verb
てんし	天使	Angel	vocabulary	てんし, 天: てん: on, 使: し: on	noun
ぶ	〜部	Department	vocabulary	ぶ, 部: ぶ: on	suffix
ぶしつ	部室	Clubroom	vocabulary	ぶしつ, 部: ぶ: on, 室: しつ: on	noun
はーとがた	ハート形	Heart Shaped	vocabulary	はーとがた, 形: がた: kun, &emsp;ハートがた, 形: がた: kun	noun
こと	事	Thing	vocabulary	こと, 事: こと: kun	noun
こうじ	工事	Construction	vocabulary	こうじ, 工: こう: on, 事: じ: on	noun, する verb
つかう	使う	To Use	vocabulary	つかう, 使: つか: kun	transitive verb, godan verb
どうぐ	道具	Tool	vocabulary	どうぐ, 道: どう: on, 具: ぐ: on	noun
よてい	予定	Plan	vocabulary	よてい, 予: よ: on, 定: てい: on	noun, する verb
もの	物	Thing	vocabulary	もの, 物: もの: kun	noun
めいぶつ	名物	Local Specialty	vocabulary	めいぶつ, 名: めい: on, 物: ぶつ: on	noun
にがい	苦い	Bitter Tasting	vocabulary	にがい, 苦: にが: kun	い adjective
へや	部屋	Room	vocabulary	へや, 部: へ: kun, 屋: や: kun	noun
ちゃや	茶屋	Tea Shop	vocabulary	ちゃや, 茶: ちゃ: on, 屋: や: kun	noun
かくど	角度	Angle	vocabulary	かくど, 角: かく: on, 度: ど: on	noun, の adjective
ど	〜度	Degrees	vocabulary	ど, 度: ど: on	noun, suffix
もつ	持つ	To Hold	vocabulary	もつ, 持: も: kun	godan verb
せかい	世界	The World	vocabulary	せかい, 世: せ: on, 界: かい: on	noun
はつばい	発売	For Sale	vocabulary	はつばい, 発: はつ: on, 売: ばい: on	noun, する verb
はつおん	発音	Pronunciation	vocabulary	はつおん, 発: はつ: on, 音: おん: on	noun, する verb, の adjective
うつくしい	美しい	Beautiful	vocabulary	うつくしい, 美: うつく: kun	い adjective
しょうぶ	勝負	Match	vocabulary	しょうぶ, 勝: しょう: on, 負: ぶ: on	noun, する verb
ひっしょう	必勝	Sure Victory	vocabulary	ひっしょう, 必: ひっ: on, 勝: しょう: on	noun
おくる	送る	To Send	vocabulary	おくる, 送: おく: kun	transitive verb, godan verb
じゅうよう	重要	Essential	vocabulary	じゅうよう, 重: じゅう: on, 要: よう: on	noun, な adjective
ひつよう	必要	Necessary	vocabulary	ひつよう, 必: ひつ: on, 要: よう: on	noun, な adjective
ようてん	要点	Main Point	vocabulary	ようてん, 要: よう: on, 点: てん: on	noun
かりに	仮に	Temporarily	vocabulary	かりに, 仮: か: on	adverb
みつける	見付ける	To Find	vocabulary	みつける, 見: み: kun, 付: つ: kun	transitive verb, ichidan verb
たもつ	保つ	To Preserve	vocabulary	たもつ, 保: たも: kun	transitive verb, godan verb
こころみる	試みる	To Try	vocabulary	こころみる, 試: こころ: kun	transitive verb, ichidan verb
たいけん	体験	Experience	vocabulary	たいけん, 体: たい: on, 験: けん: on	noun, する verb
じゅけん	受験	Taking An Exam	vocabulary	じゅけん, 受: じゅ: on, 験: けん: on	noun, する verb
じっけん	実験	Experiment	vocabulary	じっけん, 実: じっ: on, 験: けん: on	noun, する verb
ほんや	本屋	Bookstore	vocabulary	ほんや, 本: ほん: on, 屋: や: kun	noun
ぜんぶ	全部	All	vocabulary	ぜんぶ, 全: ぜん: on, 部: ぶ: on	adverb, noun
いる	要る	To Need	vocabulary	いる, 要: い: kun	intransitive verb, godan verb
たいだん	対談	Conversation	vocabulary	たいだん, 対: たい: on, 談: だん: on	noun, する verb
ふじゆう	不自由	Discomfort	vocabulary	ふじゆう, 不: ふ: on, 自: じ: on, 由: ゆう: on	noun, な adjective
ふきん	付近	Neighborhood	vocabulary	ふきん, 付: ふ: on, 近: きん: on	noun
かかす	欠かす	To Miss	vocabulary	かかす, 欠: か: kun	transitive verb, godan verb
なんど	何度	How Many Times	vocabulary	なんど, 何: なん: kun, 度: ど: on	noun
きじ	記事	Article	vocabulary	きじ, 記: き: on, 事: じ: on	noun
かじ	家事	Housework	vocabulary	かじ, 家: か: on, 事: じ: on	noun
しよう	使用	Use	vocabulary	しよう, 使: し: on, 用: よう: on	noun, する verb
うる	売る	To Sell	vocabulary	うる, 売: う: kun	transitive verb, godan verb
せんえんさつ	千円札	Thousand Yen Bill	vocabulary	せんえんさつ, 千: せん: on, 円: えん: on, 札: さつ: on	noun
ようじ	用事	Errand	vocabulary	ようじ, 用: よう: on, 事: じ: on	noun
しょくじ	食事	Meal	vocabulary	しょくじ, 食: しょく: on, 事: じ: on	noun
かぐ	家具	Furniture	vocabulary	かぐ, 家: か: on, 具: ぐ: on	noun
うける	受ける	To Receive	vocabulary	うける, 受: う: kun	transitive verb, ichidan verb
わふう	和風	Japanese Style	vocabulary	わふう, 和: わ: on, 風: ふう: on	noun
へいわ	平和	Peace	vocabulary	へいわ, 平: へい: on, 和: わ: on	noun, な adjective
わしょく	和食	Japanese Style Food	vocabulary	わしょく, 和: わ: on, 食: しょく: on	noun
わしつ	和室	Japanese Style Room	vocabulary	わしつ, 和: わ: on, 室: しつ: on	noun
わふく	和服	Japanese Style Clothes	vocabulary	わふく, 和: わ: on, 服: ふく: on	noun
けってい	決定	Decision	vocabulary	けってい, 決: けっ: on, 定: てい: on	noun, する verb
じつ	実	Truth	vocabulary	じつ, 実: じつ: on	noun, の adjective
じじつ	事実	Truth	vocabulary	じじつ, 事: じ: on, 実: じつ: on	noun
じつりょく	実力	True Strength	vocabulary	じつりょく, 実: じつ: on, 力: りょく: on	noun
ふく	服	Clothes	vocabulary	ふく, 服: ふく: on	noun
およぐ	泳ぐ	To Swim	vocabulary	およぐ, 泳: およ: kun	intransitive verb, godan verb
くるしい	苦しい	Painful	vocabulary	くるしい, 苦: く: on	い adjective
のる	乗る	To Ride	vocabulary	のる, 乗: の: kun	intransitive verb, godan verb
のせる	乗せる	To Give A Ride	vocabulary	のせる, 乗: の: kun	transitive verb, ichidan verb
おきゃくさん	お客さん	Guest	vocabulary	おきゃくさん, 客: きゃく: on	noun
きゃくしつ	客室	Guest Room	vocabulary	きゃくしつ, 客: きゃく: on, 室: しつ: on	noun
や	〜屋	Store	vocabulary	や, 屋: や: kun	suffix
にくや	肉屋	Butcher Shop	vocabulary	にくや, 肉: にく: on, 屋: や: kun	noun
さかなや	魚屋	Fish Shop	vocabulary	さかなや, 魚: さかな: kun, 屋: や: kun	noun
なごや	名古屋	Nagoya	vocabulary	なごや, 名: な: kun, 古: ご: on, 屋: や: kun	proper noun
こんど	今度	This Time	vocabulary	こんど, 今: こん: on, 度: ど: on	noun
ちょうど	丁度	Exactly	vocabulary	ちょうど, 丁: ちょう: on, 度: ど: on	adverb, noun, な adjective
まいど	毎度	Each Time	vocabulary	まいど, 毎: まい: on, 度: ど: on	noun
けん	〜県	Prefecture	vocabulary	けん, 県: けん: on	noun, suffix
びじん	美人	Beautiful Woman	vocabulary	びじん, 美: び: on, 人: じん: on	noun
かつ	勝つ	To Win	vocabulary	かつ, 勝: か: kun	intransitive verb, godan verb
しょうしゃ	勝者	Winner	vocabulary	しょうしゃ, 勝: しょう: on, 者: しゃ: on	noun
らくしょう	楽勝	Easy Victory	vocabulary	らくしょう, 楽: らく: on, 勝: しょう: on	noun, する verb, の adjective
おもい	重い	Heavy	vocabulary	おもい, 重: おも: kun	い adjective
かな	仮名	Kana	vocabulary	かな, 仮: か: on, 名: な: kun	noun
かてい	仮定	Assumption	vocabulary	かてい, 仮: か: on, 定: てい: on	noun, する verb
しょうがっこう	小学校	Elementary School	vocabulary	しょうがっこう, 小: しょう: on, 学: がっ: on, 校: こう: on	noun
あたらしい	新しい	New	vocabulary	あたらしい, 新: あたら: kun	い adjective
こうこうせい	高校生	High School Student	vocabulary	こうこうせい, 高: こう: on, 校: こう: on, 生: せい: on	noun
ちゅうがっこう	中学校	Middle School	vocabulary	ちゅうがっこう, 中: ちゅう: on, 学: がっ: on, 校: こう: on	noun
よわむし	弱虫	Weakling	vocabulary	よわむし, 弱: よわ: kun, 虫: むし: kun	noun, な adjective, の adjective
よわよわしい	弱々しい	Weak Looking	vocabulary	よわよわしい, 弱: よわ: kun	い adjective
たかさ	高さ	Height	vocabulary	たかさ, 高: たか: kun	noun
しろくろ	白黒	Black And White	vocabulary	しろくろ, 白: しろ: kun, 黒: くろ: kun	noun, の adjective
ほじ	保持	Retention	vocabulary	ほじ, 保: ほ: on, 持: じ: on	noun, する verb
せいほ	生保	Life Insurance	vocabulary	せいほ, 生: せい: on, 保: ほ: on	noun
ししょく	試食	Sample	vocabulary	ししょく, 試: し: on, 食: しょく: on	noun, する verb
しけん	試験	Examination	vocabulary	しけん, 試: し: on, 験: けん: on	noun, する verb
はっぴょう	発表	Announcement	vocabulary	はっぴょう, 発: はっ: on, 表: ぴょう: on	noun, する verb
しんねん	新年	New Year	vocabulary	しんねん, 新: しん: on, 年: ねん: on	noun
ぶぶん	部分	Portion	vocabulary	ぶぶん, 部: ぶ: on, 分: ぶん: on	noun
うれる	売れる	To Be Sold	vocabulary	うれる, 売: う: kun	intransitive verb, ichidan verb
およぎ	泳ぎ	Swimming	vocabulary	およぎ, 泳: およ: kun	noun
かじ	火事	Fire	vocabulary	かじ, 火: か: on, 事: じ: on	noun
とおす	通す	To Let Pass	vocabulary	とおす, 通: とお: kun	transitive verb, godan verb
せいぶつ	生物	Living Thing	vocabulary	せいぶつ, 生: せい: on, 物: ぶつ: on	noun
あつめる	集める	To Collect	vocabulary	あつめる, 集: あつ: kun	transitive verb, ichidan verb
さんすう	算数	Arithmetic	vocabulary	さんすう, 算: さん: on, 数: すう: on	noun, の adjective
てんそう	転送	Transfer	vocabulary	てんそう, 転: てん: on, 送: そう: on	noun, する verb
すすむ	進む	To Advance	vocabulary	すすむ, 進: すす: kun	intransitive verb, godan verb
うた	歌	Song	vocabulary	うた, 歌: うた: kun	noun
しゅご	主語	Subject	vocabulary	しゅご, 主: しゅ: on, 語: ご: on	noun, の adjective
ちょうし	調子	Condition	vocabulary	ちょうし, 調: ちょう: on, 子: し: on	noun
きまる	決まる	To Be Decided	vocabulary	きまる, 決: き: kun	intransitive verb, godan verb
きゅうじん	求人	Help Wanted	vocabulary	きゅうじん, 求: きゅう: on, 人: じん: on	noun, する verb
かいし	開始	Start	vocabulary	かいし, 開: かい: on, 始: し: on	noun, する verb
ちば	千葉	Chiba	vocabulary	ちば, 千: ち: kun, 葉: ば: kun	proper noun
やむ	病む	To Be Sick	vocabulary	やむ, 病: や: kun	godan verb
けさ	今朝	This Morning	vocabulary	けさ: exception	noun
ばんごうふだ	番号札	Numbered Tag	vocabulary	ばんごうふだ, 番: ばん: on, 号: ごう: on, 札: ふだ: kun	noun
しゅうりょう	終了	End	vocabulary	しゅうりょう, 終: しゅう: on, 了: りょう: on	noun, する verb
さいしゅう	最終	Last	vocabulary	さいしゅう, 最: さい: on, 終: しゅう: on	noun, の adjective
ならう	習う	To Learn	vocabulary	ならう, 習: なら: kun	transitive verb, godan verb
しんこう	進行	Advance	vocabulary	しんこう, 進: しん: on, 行: こう: on	noun, する verb
かるい	軽い	Lightweight	vocabulary	かるい, 軽: かる: kun	い adjective
はこぶ	運ぶ	To Carry	vocabulary	はこぶ, 運: はこ: kun	intransitive verb, transitive verb, godan verb
しゅうきん	集金	Collecting Money	vocabulary	しゅうきん, 集: しゅう: on, 金: きん: on	noun, する verb
せんろ	線路	Railroad Track	vocabulary	せんろ, 線: せん: on, 路: ろ: on	noun
ろじ	路地	Alley	vocabulary	ろじ, 路: ろ: on, 地: じ: on	noun
よむ	読む	To Read	vocabulary	よむ, 読: よ: kun	transitive verb, godan verb
よみかた	読み方	Reading	vocabulary	よみかた, 読: よ: kun, 方: かた: kun	noun
もっとも	最も	The Most	vocabulary	もっとも, 最: もっと: kun	adverb
さいご	最後	Last	vocabulary	さいご, 最: さい: on, 後: ご: on	noun, の adjective
がいらいご	外来語	Foreign Word	vocabulary	がいらいご, 外: がい: on, 来: らい: on, 語: ご: on	noun
であう	出会う	To Meet By Chance	vocabulary	であう, 出: で: kun, 会: あ: kun	intransitive verb, godan verb
は	葉	Leaf	vocabulary	は, 葉: は: kun	noun
くちょう	口調	Tone	vocabulary	くちょう, 口: く: on, 調: ちょう: on	noun
さっそく	早速	At Once	vocabulary	さっそく, 早: さっ: kun, 速: そく: on	adverb
くばる	配る	To Distribute	vocabulary	くばる, 配: くば: kun	transitive verb, godan verb
おわる	終わる	To End	vocabulary	おわる, 終: おわ: kun	intransitive verb, godan verb
ころがる	転がる	To Roll	vocabulary	ころがる, 転: ころ: kun	intransitive verb, godan verb
しんか	進化	Evolution	vocabulary	しんか, 進: しん: on, 化: か: on	noun, する verb
あおば	青葉	Fresh Leaves	vocabulary	あおば, 青: あお: kun, 葉: ば: kun	noun
あける	開ける	To Open	vocabulary	あける, 開: あ: kun	transitive verb, ichidan verb
かいはつ	開発	Development	vocabulary	かいはつ, 開: かい: on, 発: はつ: on	noun, する verb, の adjective
きく	聞く	To Hear	vocabulary	きく, 聞: き: kun	transitive verb, godan verb
せん	線	Line	vocabulary	せん, 線: せん: on	noun, suffix
きょうちょう	強調	Emphasis	vocabulary	きょうちょう, 強: きょう: on, 調: ちょう: on	noun, する verb
しらべる	調べる	To Investigate	vocabulary	しらべる, 調: しら: kun	transitive verb, ichidan verb
おや	親	Parent	vocabulary	おや, 親: おや: kun	noun
したしい	親しい	Intimate	vocabulary	したしい, 親: した: kun	い adjective
しんせつ	親切	Kind	vocabulary	しんせつ, 親: しん: on, 切: せつ: on	noun, な adjective
かおつき	顔付き	Expression	vocabulary	かおつき, 顔: かお: kun, 付: つ: kun	noun
さいこう	最高	The Best	vocabulary	さいこう, 最: さい: on, 高: こう: on	noun, な adjective, の adjective
あてじ	当て字	Phonetic Kanji	vocabulary	あてじ, 当: あ: kun, 字: じ: on	noun
むけ	〜向け	Made For	vocabulary	むけ, 向: む: kun	suffix
けんきゅうしょ	研究所	Research Institute	vocabulary	けんきゅうしょ, 研: けん: on, 究: きゅう: on, 所: しょ: on, &emsp;けんきゅうじょ, 研: けん: on, 究: きゅう: on, 所: じょ: on	noun
ちかみち	近道	Shortcut	vocabulary	ちかみち, 近: ちか: kun, 道: みち: kun	noun, する verb
なげつける	投げ付ける	To Throw Against	vocabulary	なげつける, 投: な: kun, 付: つ: kun	transitive verb, ichidan verb
しんぱい	心配	A Worry	vocabulary	しんぱい, 心: しん: on, 配: ぱい: on	noun, する verb, な adjective
もとめる	求める	To Want	vocabulary	もとめる, 求: もと: kun	transitive verb, ichidan verb
おもわず	思わず	Unintentionally	vocabulary	おもわず, 思: おも: kun	adverb
さぎょう	作業	Work	vocabulary	さぎょう, 作: さ: on, 業: ぎょう: on	noun, する verb
にゅういん	入院	Hospitalization	vocabulary	にゅういん, 入: にゅう: on, 院: いん: on	noun, する verb
かたる	語る	To Talk	vocabulary	かたる, 語: かた: kun	transitive verb, godan verb
のうじょう	農場	Farm	vocabulary	のうじょう, 農: のう: on, 場: じょう: on	noun
きんじょ	近所	Neighborhood	vocabulary	きんじょ, 近: きん: on, 所: じょ: on	noun, の adjective
じょしゅ	助手	Assistant	vocabulary	じょしゅ, 助: じょ: on, 手: しゅ: on	noun
けんきゅうしつ	研究室	Laboratory	vocabulary	けんきゅうしつ, 研: けん: on, 究: きゅう: on, 室: しつ: on	noun
はじめる	始める	To Begin	vocabulary	はじめる, 始: はじ: kun	transitive verb, ichidan verb
おきる	起きる	To Wake Up	vocabulary	おきる, 起: お: kun	intransitive verb, ichidan verb
そくど	速度	Speed	vocabulary	そくど, 速: そく: on, 度: ど: on	noun
おさけ	お酒	Sake	vocabulary	おさけ, 酒: さけ: kun	noun
にほんしゅ	日本酒	Japanese Style Alcohol	vocabulary	にほんしゅ, 日: に: on, 本: ほん: on, 酒: しゅ: on, &emsp;にっぽんしゅ, 日: にっ: on, 本: ぽん: on, 酒: しゅ: on	noun
びょういん	病院	Hospital	vocabulary	びょういん, 病: びょう: on, 院: いん: on	noun, の adjective
がくいん	学院	Academy	vocabulary	がくいん, 学: がく: on, 院: いん: on	noun
しゅうてん	終点	Last Stop	vocabulary	しゅうてん, 終: しゅう: on, 点: てん: on	noun
じてんしゃ	自転車	Bicycle	vocabulary	じてんしゃ, 自: じ: on, 転: てん: on, 車: しゃ: on	noun
うんてんする	運転する	To Drive	vocabulary	うんてんする, 運: うん: on, 転: てん: on	する verb
かいてん	回転	Rotation	vocabulary	かいてん, 回: かい: on, 転: てん: on	noun, する verb
おちる	落ちる	To Fall Down	vocabulary	おちる, 落: お: kun	intransitive verb, ichidan verb
うんがいい	運がいい	Lucky	vocabulary	うんがいい, 運: うん: on	expression, い adjective
こうかい	公開	Open To The Public	vocabulary	こうかい, 公: こう: on, 開: かい: on	noun, する verb, の adjective
かいぎょう	開業	Opening A Business	vocabulary	かいぎょう, 開: かい: on, 業: ぎょう: on	noun, する verb
しゅうちゅう	集中	Concentration	vocabulary	しゅうちゅう, 集: しゅう: on, 中: ちゅう: on	noun, する verb, の adjective
のむ	飲む	To Drink	vocabulary	のむ, 飲: の: kun	transitive verb, godan verb
こうぎょう	工業	Industry	vocabulary	こうぎょう, 工: こう: on, 業: ぎょう: on	noun
かんじ	漢字	Kanji	vocabulary	かんじ, 漢: かん: on, 字: じ: on	noun
どうろ	道路	Paved Road	vocabulary	どうろ, 道: どう: on, 路: ろ: on	noun
のうみん	農民	Peasants	vocabulary	のうみん, 農: のう: on, 民: みん: on	noun, の adjective
のうぎょう	農業	Agriculture	vocabulary	のうぎょう, 農: のう: on, 業: ぎょう: on	noun, の adjective
ちかてつ	地下鉄	Subway	vocabulary	ちかてつ, 地: ち: on, 下: か: on, 鉄: てつ: on	noun
てつじん	鉄人	Strong Man	vocabulary	てつじん, 鉄: てつ: on, 人: じん: on	noun
でんてつ	電鉄	Electric Railway	vocabulary	でんてつ, 電: でん: on, 鉄: てつ: on	noun
かしゅ	歌手	Singer	vocabulary	かしゅ, 歌: か: on, 手: しゅ: on	noun
さんていする	算定する	To Calculate	vocabulary	さんていする, 算: さん: on, 定: てい: on	する verb
しんぶん	新聞	Newspaper	vocabulary	しんぶん, 新: しん: on, 聞: ぶん: on	noun, の adjective
にほんご	日本語	Japanese Language	vocabulary	にほんご, 日: に: on, 本: ほん: on, 語: ご: on	noun, の adjective
ふらんすご	フランス語	French Language	vocabulary	ふらんすご, 語: ご: on, &emsp;フランスご, 語: ご: on	noun
すぺいんご	スペイン語	Spanish Language	vocabulary	すぺいんご, 語: ご: on, &emsp;スペインご, 語: ご: on	noun
なく	鳴く	To Chirp	vocabulary	なく, 鳴: な: kun	godan verb
よこ	横	Side	vocabulary	よこ, 横: よこ: kun	noun
しんゆう	親友	Close Friend	vocabulary	しんゆう, 親: しん: on, 友: ゆう: on	noun
あたま	頭	Head	vocabulary	あたま, 頭: あたま: kun	noun
かお	顔	Face	vocabulary	かお, 顔: かお: kun	noun
びょうき	病気	Sick	vocabulary	びょうき, 病: びょう: on, 気: き: on	noun, の adjective
びょう	〜病	Disease	vocabulary	びょう, 病: びょう: on	noun, suffix
びょうにん	病人	Sick Person	vocabulary	びょうにん, 病: びょう: on, 人: にん: on	noun
さいきん	最近	Recent	vocabulary	さいきん, 最: さい: on, 近: きん: on	noun, の adjective
めいしゃ	目医者	Eye Doctor	vocabulary	めいしゃ, 目: め: kun, 医: い: on, 者: しゃ: on	noun
いちばんめ	一番目	First Thing	vocabulary	いちばんめ, 一: いち: on, 番: ばん: on, 目: め: kun	noun
たのしみ	楽しみ	Looking Forward To	vocabulary	たのしみ, 楽: たの: kun	noun, な adjective
たすかる	助かる	To Be Helped	vocabulary	たすかる, 助: たす: kun	intransitive verb, godan verb
たのしむ	楽しむ	To Enjoy	vocabulary	たのしむ, 楽: たの: kun	godan verb
ばかす	化かす	To Bewitch	vocabulary	ばかす, 化: ば: kun	transitive verb, godan verb
はなし	話	Story	vocabulary	はなし, 話: はな: kun	noun
してつ	私鉄	Private Railway	vocabulary	してつ, 私: し: on, 鉄: てつ: on	noun
ようきゅう	要求	Demand	vocabulary	ようきゅう, 要: よう: on, 求: きゅう: on	noun, する verb
しだい	私大	Private College	vocabulary	しだい, 私: し: on, 大: だい: on	noun
きょくせん	曲線	Curve	vocabulary	きょくせん, 曲: きょく: on, 線: せん: on	noun
げんご	言語	Language	vocabulary	げんご, 言: げん: on, 語: ご: on	noun
はやい	速い	Fast	vocabulary	はやい, 速: はや: kun	い adjective
たちのみ	立ち飲み	Standing And Drinking	vocabulary	たちのみ, 立: た: kun, 飲: の: kun	noun
やくば	役場	Town Hall	vocabulary	やくば, 役: やく: on, 場: ば: kun	noun
だいどころ	台所	Kitchen	vocabulary	だいどころ, 台: だい: on, 所: どころ: kun	noun, の adjective
だいがくいん	大学院	Graduate School	vocabulary	だいがくいん, 大: だい: on, 学: がく: on, 院: いん: on	noun
たしざん	足し算	Addition	vocabulary	たしざん, 足: た: kun, 算: ざん: on	noun
ひきざん	引き算	Subtraction	vocabulary	ひきざん, 引: ひ: kun, 算: ざん: on	noun